population,file,abundance_cells.ÂµL-1,fsc,chl,pe,station,Depth_m,Replicate,latitude_decDegree,longitude_decDegree,time_HST
prochloro,527.fcs,180.456,0.292165622,0.360425311,0.003143953,2,5,A,23.5,-157.99,4/20/16 15:18
synecho,527.fcs,2.104,0.583618004,0.748573651,0.585022899,2,5,A,23.5,-157.99,4/20/16 15:18
picoeuk,527.fcs,2.36,0.995119937,1.343205394,0.338284441,2,5,A,23.5,-157.99,4/20/16 15:18
bacteria,532.fcs,347.808,0.247879888,0.568740095,0.518467175,2,5,A,23.5,-157.99,4/20/16 15:18
prochloro,555.fcs,213.608,0.353097128,0.50078095,0.33956678,2,5,B,23.5,-157.99,4/20/16 15:18
synecho,555.fcs,3.512,0.626729405,0.749993599,0.604509338,2,5,B,23.5,-157.99,4/20/16 15:18
picoeuk,555.fcs,1.792,1.022771964,1.359723467,0.818006984,2,5,B,23.5,-157.99,4/20/16 15:18
bacteria,560.fcs,336.768,0.167548871,0.53048235,0.458796992,2,5,B,23.5,-157.99,4/20/16 15:18
prochloro,537.fcs,172.536,0.300038168,0.391155581,0.045089036,2,15,A,23.5,-157.99,4/20/16 15:18
synecho,537.fcs,1.96,0.599370229,0.777360153,0.616208731,2,15,A,23.5,-157.99,4/20/16 15:18
picoeuk,537.fcs,1.864,1.031583969,1.399113484,0.519106965,2,15,A,23.5,-157.99,4/20/16 15:18
bacteria,542.fcs,524.312,0.244282726,0.601441994,0.516423858,2,15,A,23.5,-157.99,4/20/16 15:18
prochloro,578.fcs,208.24,0.383313054,0.387299409,0.3026571,2,15,B,23.5,-157.99,4/20/16 15:18
synecho,578.fcs,2.16,0.651625239,0.804845861,0.703764382,2,15,B,23.5,-157.99,4/20/16 15:18
picoeuk,578.fcs,1.92,1.021779941,1.417915963,0.666177052,2,15,B,23.5,-157.99,4/20/16 15:18
bacteria,583.fcs,586.5133333,0.243073597,0.612273726,0.644451567,2,15,B,23.5,-157.99,4/20/16 15:18
prochloro,538.fcs,183.664,0.315463681,0.431303263,0.030604046,2,45,A,23.5,-157.99,4/20/16 15:18
synecho,538.fcs,1.944,0.619464293,0.896149449,0.712024931,2,45,A,23.5,-157.99,4/20/16 15:18
picoeuk,538.fcs,1.808,1.015131252,1.422625234,0.481630268,2,45,A,23.5,-157.99,4/20/16 15:18
bacteria,543.fcs,497.336,0.255153233,0.608372959,0.521932121,2,45,A,23.5,-157.99,4/20/16 15:18
prochloro,575.fcs,218.472,0.397312258,0.536388918,0.521040118,2,45,B,23.5,-157.99,4/20/16 15:18
synecho,575.fcs,1.936,0.66135153,0.934961696,0.817149111,2,45,B,23.5,-157.99,4/20/16 15:18
picoeuk,575.fcs,2.056,1.02336107,1.473606884,0.853021097,2,45,B,23.5,-157.99,4/20/16 15:18
bacteria,580.fcs,468.816,0.156310629,0.535882896,0.61142933,2,45,B,23.5,-157.99,4/20/16 15:18
prochloro,577.fcs,222.592,0.38689192,0.460957511,0.340783597,2,60,A,23.5,-157.99,4/20/16 15:18
synecho,577.fcs,1.616,0.665355975,0.947318387,0.832293689,2,60,A,23.5,-157.99,4/20/16 15:18
picoeuk,577.fcs,2.04,1.025784675,1.48765481,0.687239696,2,60,A,23.5,-157.99,4/20/16 15:18
bacteria,582.fcs,480.5634921,0.25255102,0.619863014,0.650459846,2,60,A,23.5,-157.99,4/20/16 15:18
prochloro,529.fcs,200.032,0.285583419,0.352518624,0.003129574,2,60,B,23.5,-157.99,4/20/16 15:18
synecho,529.fcs,1.688,0.593076072,0.898309093,0.731310888,2,60,B,23.5,-157.99,4/20/16 15:18
picoeuk,529.fcs,1.872,1.031909615,1.531512357,0.393594468,2,60,B,23.5,-157.99,4/20/16 15:18
bacteria,534.fcs,465.752,0.257954996,0.585983781,0.525379882,2,60,B,23.5,-157.99,4/20/16 15:18
prochloro,566.fcs,250.152,0.336694262,0.503155743,0.057378285,2,75,A,23.5,-157.99,4/20/16 15:18
synecho,566.fcs,2.104,0.624814264,0.969388016,0.805305733,2,75,A,23.5,-157.99,4/20/16 15:18
picoeuk,566.fcs,1.384,1.016716196,1.528427239,0.565166055,2,75,A,23.5,-157.99,4/20/16 15:18
bacteria,571.fcs,508.024,0.249028555,0.62797137,0.522899021,2,75,A,23.5,-157.99,4/20/16 15:18
prochloro,559.fcs,93.96,0.591155125,0.948979224,0.056553277,2,110,A,23.5,-157.99,4/20/16 15:18
synecho,559.fcs,0.04,0.798753851,1.567493609,1.240595298,2,110,A,23.5,-157.99,4/20/16 15:18
picoeuk,559.fcs,4.624,0.984388325,1.885284269,0.373361681,2,110,A,23.5,-157.99,4/20/16 15:18
bacteria,564.fcs,171.4,0.217395875,0.575096738,0.503220126,2,110,A,23.5,-157.99,4/20/16 15:18
prochloro,569.fcs,101.128,0.568267276,0.981563594,0.036227776,2,110,B,23.5,-157.99,4/20/16 15:18
synecho,569.fcs,0.04,0.760556285,1.640723454,1.236176243,2,110,B,23.5,-157.99,4/20/16 15:18
picoeuk,569.fcs,4.616,0.980515625,1.982302606,0.296676114,2,110,B,23.5,-157.99,4/20/16 15:18
bacteria,574.fcs,169.464,0.172985697,0.589492174,0.518534538,2,110,B,23.5,-157.99,4/20/16 15:18
prochloro,548.fcs,95.32330827,0.538314466,1.090409967,0.051848234,2,150,A,23.5,-157.99,4/20/16 15:18
synecho,548.fcs,0.07518797,0.589936774,1.136293704,0.956968793,2,150,A,23.5,-157.99,4/20/16 15:18
picoeuk,548.fcs,1.105263158,0.987297921,1.823524088,0.249010334,2,150,A,23.5,-157.99,4/20/16 15:18
bacteria,553.fcs,71.504,0.238225932,0.548381457,0.539019729,2,150,A,23.5,-157.99,4/20/16 15:18
prochloro,526.fcs,91.736,0.546216914,1.006317354,0.055298062,2,150,B,23.5,-157.99,4/20/16 15:18
synecho,526.fcs,0.04,0.615064955,1.351170569,1.108426606,2,150,B,23.5,-157.99,4/20/16 15:18
picoeuk,526.fcs,1.512,0.964920819,1.941174285,0.246684089,2,150,B,23.5,-157.99,4/20/16 15:18
bacteria,531.fcs,74.912,0.189119807,0.510805614,0.49570896,2,150,B,23.5,-157.99,4/20/16 15:18
prochloro,595.fcs,268.8976378,0.278443217,0.266920446,0.096161496,3,15,A,24.66,-157.99,4/21/16 5:13
synecho,595.fcs,2.007874016,0.595377012,0.795019033,0.649835919,3,15,A,24.66,-157.99,4/21/16 5:13
picoeuk,595.fcs,2.181102362,0.975821121,1.434189303,0.650308274,3,15,A,24.66,-157.99,4/21/16 5:13
bacteria,600.fcs,548.088,0.217931937,0.509487422,0.474373505,3,15,A,24.66,-157.99,4/21/16 5:13
prochloro,597.fcs,265.376,0.264203074,0.289555752,0.003419749,3,15,B,24.66,-157.99,4/21/16 5:13
synecho,597.fcs,1.584,0.583215334,0.780582524,0.624908849,3,15,B,24.66,-157.99,4/21/16 5:13
picoeuk,597.fcs,2.176,0.983422552,1.385878199,0.465689356,3,15,B,24.66,-157.99,4/21/16 5:13
bacteria,602.fcs,557.2708333,0.213157986,0.526748495,0.482253579,3,15,B,24.66,-157.99,4/21/16 5:13
prochloro,536.fcs,127.944,0.291531566,0.362770966,0.093674202,4,5,A,28.13,-158,4/22/16 15:57
synecho,536.fcs,3.904,0.60244135,0.773888975,0.590375473,4,5,A,28.13,-158,4/22/16 15:57
picoeuk,536.fcs,2.168,0.992828533,1.291582596,0.600441448,4,5,A,28.13,-158,4/22/16 15:57
bacteria,541.fcs,401.32,0.167474073,0.545899144,0.474702786,4,5,A,28.13,-158,4/22/16 15:57
prochloro,556.fcs,129.5793103,0.370824635,0.371365535,0.100922477,4,5,B,28.13,-158,4/22/16 15:57
synecho,556.fcs,4.351724138,0.642519137,0.754392877,0.581260468,4,5,B,28.13,-158,4/22/16 15:57
picoeuk,556.fcs,1.889655172,1.005810717,1.28726394,0.656058599,4,5,B,28.13,-158,4/22/16 15:57
bacteria,561.fcs,362.056,0.160109758,0.525956773,0.449748051,4,5,B,28.13,-158,4/22/16 15:57
prochloro,485.fcs,185.112,0.241472489,0.350917487,0.003103103,4,15,A,28.13,-158,4/22/16 15:57
synecho,485.fcs,5.376,0.556138633,0.775624893,0.548398398,4,15,A,28.13,-158,4/22/16 15:57
picoeuk,485.fcs,2.504,0.943763462,1.216825079,0.403303303,4,15,A,28.13,-158,4/22/16 15:57
bacteria,504.fcs,685.8897638,0.179928711,0.555994533,0.481192874,4,15,A,28.13,-158,4/22/16 15:57
prochloro,539.fcs,161.432,0.28616208,0.35452421,0.010379611,4,15,B,28.13,-158,4/22/16 15:57
synecho,539.fcs,4.672,0.594915902,0.786340679,0.584279519,4,15,B,28.13,-158,4/22/16 15:57
picoeuk,539.fcs,2.408,0.997362385,1.254315652,0.464061206,4,15,B,28.13,-158,4/22/16 15:57
bacteria,544.fcs,637.848,0.222890071,0.592572917,0.515850722,4,15,B,28.13,-158,4/22/16 15:57
prochloro,636.fcs,242.6357143,0.337575059,0.403364622,0.003356761,4,45,A,28.13,-158,4/22/16 15:57
synecho,636.fcs,8.878571429,0.620845552,0.799110741,0.597083814,4,45,A,28.13,-158,4/22/16 15:57
picoeuk,636.fcs,4.1,0.990853233,1.332327934,0.459797545,4,45,A,28.13,-158,4/22/16 15:57
bacteria,641.fcs,417.432,0.14982597,0.52431336,0.479315377,4,45,A,28.13,-158,4/22/16 15:57
prochloro,549.fcs,245.288,0.247127416,0.224478335,0.003134877,4,45,B,28.13,-158,4/22/16 15:57
synecho,549.fcs,7.352,0.57313495,0.734586511,0.558342113,4,45,B,28.13,-158,4/22/16 15:57
picoeuk,549.fcs,3.184,0.962538096,1.342791275,0.332091374,4,45,B,28.13,-158,4/22/16 15:57
bacteria,554.fcs,405.728,0.216314222,0.56812152,0.519190509,4,45,B,28.13,-158,4/22/16 15:57
prochloro,606.fcs,256.9398496,0.356952013,0.385388011,0.133608883,4,60,A,28.13,-158,4/22/16 15:57
synecho,606.fcs,10.26315789,0.638864475,0.90697972,0.761935042,4,60,A,28.13,-158,4/22/16 15:57
picoeuk,606.fcs,4.090225564,0.953577079,1.405092445,0.564126394,4,60,A,28.13,-158,4/22/16 15:57
picoeuk,628.fcs,6.592,0.976476873,1.88929916,0.378018969,4,60,A,28.13,-158,4/22/16 15:57
bacteria,633.fcs,458.048,0.163659839,0.532367302,0.483215504,4,60,A,28.13,-158,4/22/16 15:57
prochloro,528.fcs,248.888,0.281163905,0.412802243,0.003097832,4,60,B,28.13,-158,4/22/16 15:57
synecho,528.fcs,10.48,0.606219572,0.909356384,0.748875787,4,60,B,28.13,-158,4/22/16 15:57
picoeuk,528.fcs,4.28,0.924198966,1.360997547,0.301389028,4,60,B,28.13,-158,4/22/16 15:57
bacteria,613.fcs,408.44,0.167700331,0.513848339,0.48046499,4,60,B,28.13,-158,4/22/16 15:57
bacteria,611.fcs,449.984,0.240228873,0.613983463,0.514198458,4,60,C,28.13,-158,4/22/16 15:57
prochloro,547.fcs,219.936,0.385149189,0.639126764,0.003185613,4,75,A,28.13,-158,4/22/16 15:57
synecho,547.fcs,8.216,0.634534659,1.193824629,1.021297367,4,75,A,28.13,-158,4/22/16 15:57
picoeuk,547.fcs,4.944,0.902356011,1.472168617,0.220732177,4,75,A,28.13,-158,4/22/16 15:57
bacteria,551.fcs,192.5214286,0.199614989,0.514699455,0.51505604,4,75,A,28.13,-158,4/22/16 15:57
prochloro,629.fcs,245.968,0.454260198,0.54011989,0.034875792,4,75,B,28.13,-158,4/22/16 15:57
synecho,629.fcs,8.72,0.684200545,1.251119457,1.016755967,4,75,B,28.13,-158,4/22/16 15:57
picoeuk,629.fcs,5.4,0.937295266,1.584500939,0.412713103,4,75,B,28.13,-158,4/22/16 15:57
bacteria,634.fcs,211.672,0.165655965,0.539116943,0.487084139,4,75,B,28.13,-158,4/22/16 15:57
prochloro,545.fcs,18.448,0.551593079,1.087903469,0.042991952,4,120,A,28.13,-158,4/22/16 15:57
synecho,545.fcs,0.992,0.758665028,1.491825038,1.287650099,4,120,A,28.13,-158,4/22/16 15:57
picoeuk,545.fcs,2.536,0.985988466,1.814268477,0.281196164,4,120,A,28.13,-158,4/22/16 15:57
bacteria,550.fcs,117.44,0.200537051,0.520300358,0.513678831,4,120,A,28.13,-158,4/22/16 15:57
prochloro,568.fcs,18.125,0.584521313,1.047448269,0.056411556,4,120,B,28.13,-158,4/22/16 15:57
synecho,568.fcs,0.8359375,0.764104661,1.425099334,1.280587937,4,120,B,28.13,-158,4/22/16 15:57
picoeuk,568.fcs,2.4921875,0.987841729,1.690876722,0.31160669,4,120,B,28.13,-158,4/22/16 15:57
bacteria,573.fcs,140.2071429,0.187905815,0.57565824,0.510204601,4,120,B,28.13,-158,4/22/16 15:57
prochloro,605.fcs,220.616,0.282981345,0.482640356,0.305986913,5,15,A,29.45,-158,4/23/16 5:24
synecho,605.fcs,5.328,0.634424498,0.84106668,0.639735326,5,15,A,29.45,-158,4/23/16 5:24
picoeuk,605.fcs,3.288,0.953801478,1.184606208,0.778274246,5,15,A,29.45,-158,4/23/16 5:24
bacteria,610.fcs,576.6,0.207817807,0.577149817,0.49404117,5,15,A,29.45,-158,4/23/16 5:24
prochloro,596.fcs,135.64,0.301602311,0.2427588,0.029129122,5,15,B,29.45,-158,4/23/16 5:24
synecho,596.fcs,5.848,0.618471272,0.785329264,0.614032898,5,15,B,29.45,-158,4/23/16 5:24
picoeuk,596.fcs,2.392,0.975810611,1.32423042,0.525771909,5,15,B,29.45,-158,4/23/16 5:24
bacteria,601.fcs,617.744,0.205530449,0.511949722,0.481456079,5,15,B,29.45,-158,4/23/16 5:24
prochloro,557.fcs,121.6076923,0.437742547,0.457066697,0.053408977,6,5,A,32.58,-158,4/24/16 15:25
synecho,557.fcs,27.8,0.651306058,0.97059324,0.789263221,6,5,A,32.58,-158,4/24/16 15:25
picoeuk,557.fcs,6.146153846,0.915406435,1.257032668,0.404453664,6,5,A,32.58,-158,4/24/16 15:25
bacteria,562.fcs,566.92,0.182895496,0.567983017,0.492894089,6,5,A,32.58,-158,4/24/16 15:25
prochloro,625.fcs,125.0615385,0.450259805,0.583565252,0.285970178,6,5,B,32.58,-158,4/24/16 15:25
synecho,625.fcs,27.1,0.661053281,0.966827353,0.778732572,6,5,B,32.58,-158,4/24/16 15:25
picoeuk,625.fcs,5.915384615,0.917942826,1.233301859,0.61013749,6,5,B,32.58,-158,4/24/16 15:25
bacteria,630.fcs,631.0076923,0.183002902,0.561805973,0.506784879,6,5,B,32.58,-158,4/24/16 15:25
prochloro,567.fcs,123.15,0.432811226,0.547053695,0.046975806,6,15,A,32.58,-158,4/24/16 15:25
synecho,567.fcs,27.30714286,0.637974414,0.986204421,0.805191532,6,15,A,32.58,-158,4/24/16 15:25
picoeuk,567.fcs,5.85,0.906481449,1.250166675,0.374521169,6,15,A,32.58,-158,4/24/16 15:25
bacteria,572.fcs,665.0384615,0.179186951,0.585690777,0.518504426,6,15,A,32.58,-158,4/24/16 15:25
prochloro,484.fcs,103.832,0.365997454,0.304713993,0.003884809,6,15,B,32.58,-158,4/24/16 15:25
synecho,484.fcs,27.376,0.58542748,0.976001491,0.801047645,6,15,B,32.58,-158,4/24/16 15:25
picoeuk,484.fcs,5.704,0.898971697,1.365940004,0.317175869,6,15,B,32.58,-158,4/24/16 15:25
bacteria,498.fcs,706.9920635,0.184596352,0.557450092,0.485952644,6,15,B,32.58,-158,4/24/16 15:25
prochloro,599.fcs,339.944,0.415330043,0.446996986,0.017371771,6,45,A,32.58,-158,4/24/16 15:25
synecho,599.fcs,66.568,0.630766331,1.235205469,0.990091102,6,45,A,32.58,-158,4/24/16 15:25
picoeuk,599.fcs,18.688,0.926228665,1.536572815,0.260676401,6,45,A,32.58,-158,4/24/16 15:25
bacteria,604.fcs,629.176,0.174159763,0.466872519,0.461753009,6,45,A,32.58,-158,4/24/16 15:25
prochloro,635.fcs,398.0846154,0.424589964,0.510312004,0.011642714,6,45,B,32.58,-158,4/24/16 15:25
synecho,635.fcs,79.85384615,0.640405766,1.287225202,1.026222095,6,45,B,32.58,-158,4/24/16 15:25
picoeuk,635.fcs,22.60769231,0.936485803,1.600891441,0.261181424,6,45,B,32.58,-158,4/24/16 15:25
bacteria,640.fcs,698.904,0.171879162,0.506366388,0.476953115,6,45,B,32.58,-158,4/24/16 15:25
prochloro,639.fcs,157.1862069,0.464449341,0.622230889,0.014764927,6,60,A,32.58,-158,4/24/16 15:25
synecho,639.fcs,27.12413793,0.67778827,1.470670827,1.155161249,6,60,A,32.58,-158,4/24/16 15:25
picoeuk,639.fcs,19.28965517,0.972563215,1.853237129,0.29892501,6,60,A,32.58,-158,4/24/16 15:25
bacteria,620.fcs,530.8496241,0.171291749,0.525009525,0.503075769,6,60,A,32.58,-158,4/24/16 15:25
prochloro,598.fcs,146.416,0.46266767,0.60406519,0.029209964,6,60,B,32.58,-158,4/24/16 15:25
synecho,598.fcs,24.952,0.672358336,1.379747299,1.112166261,6,60,B,32.58,-158,4/24/16 15:25
picoeuk,598.fcs,17.72,0.963403367,1.754696942,0.323149207,6,60,B,32.58,-158,4/24/16 15:25
bacteria,603.fcs,533.792,0.171800577,0.462670506,0.456405535,6,60,B,32.58,-158,4/24/16 15:25
prochloro,615.fcs,145.656,0.449002485,0.72992887,0.390364756,6,60,C,32.58,-158,4/24/16 15:25
synecho,615.fcs,25.328,0.660551567,1.327613154,1.121789683,6,60,C,32.58,-158,4/24/16 15:25
picoeuk,615.fcs,16.56,0.963171338,1.64974004,0.708563299,6,60,C,32.58,-158,4/24/16 15:25
bacteria,644.fcs,594.008,0.173427921,0.552637925,0.497495133,6,60,C,32.58,-158,4/24/16 15:25
prochloro,617.fcs,156.968,0.446556436,0.687728997,0.107470543,6,60,D,32.58,-158,4/24/16 15:25
synecho,617.fcs,26.752,0.661385728,1.348331941,1.130519273,6,60,D,32.58,-158,4/24/16 15:25
picoeuk,617.fcs,18.976,0.963471583,1.652246577,0.436425356,6,60,D,32.58,-158,4/24/16 15:25
prochloro,546.fcs,25.06153846,0.453159,0.793684338,0.005556699,6,75,A,32.58,-158,4/24/16 15:25
synecho,546.fcs,3.638461538,0.694752975,1.420752325,1.217302943,6,75,A,32.58,-158,4/24/16 15:25
picoeuk,546.fcs,5.223076923,0.988987493,1.774121483,0.250051451,6,75,A,32.58,-158,4/24/16 15:25
bacteria,552.fcs,369.2,0.194360831,0.516994321,0.510973972,6,75,A,32.58,-158,4/24/16 15:25
prochloro,616.fcs,27.52,0.484819194,0.787437444,0.195523047,6,75,B,32.58,-158,4/24/16 15:25
synecho,616.fcs,4.352,0.731664797,1.46435904,1.200530165,6,75,B,32.58,-158,4/24/16 15:25
picoeuk,616.fcs,5.296,0.995719341,1.838123957,0.558170929,6,75,B,32.58,-158,4/24/16 15:25
bacteria,621.fcs,320.072,0.185633064,0.492345125,0.464543631,6,75,B,32.58,-158,4/24/16 15:25
prochloro,626.fcs,28.464,0.459362016,0.75286373,0.091507715,6,120,A,32.58,-158,4/24/16 15:25
synecho,626.fcs,1.704,0.705765203,1.360931473,1.158060989,6,120,A,32.58,-158,4/24/16 15:25
picoeuk,626.fcs,2.128,0.974556193,1.747817765,0.461572105,6,120,A,32.58,-158,4/24/16 15:25
bacteria,631.fcs,508.696,0.175239391,0.544235855,0.492981374,6,120,A,32.58,-158,4/24/16 15:25
prochloro,407.fcs,27.90909091,0.392481887,0.683688884,0.003220097,6,120,B,32.58,-158,4/24/16 15:25
synecho,407.fcs,1.477272727,0.652239882,1.450720312,1.157981417,6,120,B,32.58,-158,4/24/16 15:25
picoeuk,407.fcs,2.128787879,0.971626901,1.974798276,0.202939875,6,120,B,32.58,-158,4/24/16 15:25
bacteria,421.fcs,478.672,0.183691959,0.580746425,0.502340858,6,120,B,32.58,-158,4/24/16 15:25
prochloro,637.fcs,283.776,0.409901647,0.483408773,0.004327642,7,15,A,34.06,-158,4/25/16 4:58
synecho,637.fcs,6.096,0.627203326,1.150118858,0.921053322,7,15,A,34.06,-158,4/25/16 4:58
picoeuk,637.fcs,7.352,0.916164422,1.384187046,0.341883704,7,15,A,34.06,-158,4/25/16 4:58
bacteria,642.fcs,1102.192,0.218944678,0.637285793,0.546845329,7,15,A,34.06,-158,4/25/16 4:58
prochloro,609.fcs,275.888,0.402616025,0.318344653,0.033515866,7,15,B,34.06,-158,4/25/16 4:58
synecho,609.fcs,6.048,0.616951701,1.094633928,0.887547059,7,15,B,34.06,-158,4/25/16 4:58
picoeuk,609.fcs,7.4,0.89974819,1.399731323,0.382951156,7,15,B,34.06,-158,4/25/16 4:58
bacteria,614.fcs,1119.953846,0.21968486,0.561635914,0.502919366,7,15,B,34.06,-158,4/25/16 4:58
prochloro,576.fcs,289.504,0.366401587,0.509495088,0.393878859,8,15,B,37.3,-158,4/26/16 5:10
synecho,576.fcs,2.216,0.640802548,0.998103616,0.877162565,8,15,B,37.3,-158,4/26/16 5:10
picoeuk,576.fcs,1.8,1.030121635,1.558274291,0.761825789,8,15,B,37.3,-158,4/26/16 5:10
bacteria,581.fcs,614.872,0.248362016,0.611879834,0.644707442,8,15,B,37.3,-158,4/26/16 5:10
prochloro,558.fcs,0.648,0.485836581,0.527147123,0.023027303,9,5,A,36.57,-158,4/27/16 17:43
synecho,558.fcs,11.696,0.667264059,1.044219768,0.828482848,9,5,A,36.57,-158,4/27/16 17:43
picoeuk,558.fcs,14.168,0.904527422,1.379699924,0.373412341,9,5,A,36.57,-158,4/27/16 17:43
bacteria,563.fcs,1044.632,0.184211446,0.569827255,0.492628406,9,5,A,36.57,-158,4/27/16 17:43
prochloro,413.fcs,1.549019608,0.372147244,0.487980199,0.003863094,9,5,B,36.57,-158,4/27/16 17:43
synecho,413.fcs,11.61437908,0.63272424,1.056521887,0.852119781,9,5,B,36.57,-158,4/27/16 17:43
picoeuk,413.fcs,16.26143791,0.88922587,1.365679992,0.122290298,9,5,B,36.57,-158,4/27/16 17:43
bacteria,416.fcs,1142.664,0.199172342,0.598457216,0.513259963,9,5,B,36.57,-158,4/27/16 17:43
prochloro,627.fcs,0.423076923,0.397082574,0.552193646,0.017224625,9,15,A,36.57,-158,4/27/16 17:43
synecho,627.fcs,14.66153846,0.664908422,1.086052878,0.86035664,9,15,A,36.57,-158,4/27/16 17:43
picoeuk,627.fcs,17.34615385,0.89390399,1.401628125,0.411568923,9,15,A,36.57,-158,4/27/16 17:43
bacteria,632.fcs,1191.256,0.182190254,0.556695082,0.502976558,9,15,A,36.57,-158,4/27/16 17:43
prochloro,430.fcs,1.104,0.419951235,0.498105118,0.003226457,9,15,B,36.57,-158,4/27/16 17:43
synecho,430.fcs,14.08,0.61491351,1.087700494,0.868698326,9,15,B,36.57,-158,4/27/16 17:43
picoeuk,430.fcs,16.544,0.872232995,1.430233894,0.230338778,9,15,B,36.57,-158,4/27/16 17:43
bacteria,453.fcs,1195.743056,0.190687973,0.518314514,0.444526682,9,15,B,36.57,-158,4/27/16 17:43
prochloro,411.fcs,5.75483871,0.407572889,0.508924587,0.003265807,9,45,A,36.57,-158,4/27/16 17:43
synecho,411.fcs,23.9483871,0.544452859,1.18399524,0.965696746,9,45,A,36.57,-158,4/27/16 17:43
picoeuk,411.fcs,15.29032258,0.80545248,1.392458724,0.067034991,9,45,A,36.57,-158,4/27/16 17:43
bacteria,414.fcs,1049.301587,0.1900687,0.587902631,0.509160435,9,45,A,36.57,-158,4/27/16 17:43
prochloro,405.fcs,6.08,0.40456946,0.536773698,0.003450217,9,45,B,36.57,-158,4/27/16 17:43
synecho,405.fcs,23.632,0.544700827,1.177317354,0.959918761,9,45,B,36.57,-158,4/27/16 17:43
picoeuk,405.fcs,15.216,0.808268186,1.369274309,0.0554971,9,45,B,36.57,-158,4/27/16 17:43
bacteria,415.fcs,1030.307087,0.190325412,0.579572037,0.500822567,9,45,B,36.57,-158,4/27/16 17:43
prochloro,410.fcs,2.047058824,0.393957178,0.557726664,0.007175152,9,60,A,36.57,-158,4/27/16 17:43
synecho,410.fcs,14.56470588,0.546428639,1.273485187,1.035728327,9,60,A,36.57,-158,4/27/16 17:43
picoeuk,410.fcs,14.4,0.810631732,1.458314724,0.076567722,9,60,A,36.57,-158,4/27/16 17:43
bacteria,419.fcs,885.7751938,0.182082375,0.571665676,0.502592313,9,60,A,36.57,-158,4/27/16 17:43
prochloro,426.fcs,2.144,0.404959618,0.581736482,0.019906788,9,60,B,36.57,-158,4/27/16 17:43
synecho,426.fcs,14.56,0.543188109,1.259581105,1.018964748,9,60,B,36.57,-158,4/27/16 17:43
picoeuk,426.fcs,15.424,0.804667653,1.467728758,0.238931033,9,60,B,36.57,-158,4/27/16 17:43
bacteria,457.fcs,903.496,0.179151126,0.505179303,0.441159736,9,60,B,36.57,-158,4/27/16 17:43
prochloro,427.fcs,1.733870968,0.424668435,0.643901163,0.032914109,9,65,A,36.57,-158,4/27/16 17:43
synecho,427.fcs,7.209677419,0.559302766,1.311091174,1.061037081,9,65,A,36.57,-158,4/27/16 17:43
picoeuk,427.fcs,12.99193548,0.839484653,1.604538148,0.309876728,9,65,A,36.57,-158,4/27/16 17:43
bacteria,456.fcs,806.976,0.187448147,0.562588869,0.485667607,9,65,A,36.57,-158,4/27/16 17:43
prochloro,408.fcs,1.470967742,0.409555277,0.628609507,0.014203285,9,65,B,36.57,-158,4/27/16 17:43
synecho,408.fcs,7.916129032,0.56365121,1.315674515,1.068082063,9,65,B,36.57,-158,4/27/16 17:43
picoeuk,408.fcs,13.58709677,0.841517603,1.589589812,0.097647581,9,65,B,36.57,-158,4/27/16 17:43
bacteria,420.fcs,792.6269841,0.182054752,0.586465792,0.511422003,9,65,B,36.57,-158,4/27/16 17:43
prochloro,443.fcs,1.488,0.400587487,0.618056095,0.003286792,9,75,A,36.57,-158,4/27/16 17:43
synecho,443.fcs,7.8,0.548379516,1.344922694,1.072283938,9,75,A,36.57,-158,4/27/16 17:43
picoeuk,443.fcs,12.464,0.820346617,1.586628856,0.139548512,9,75,A,36.57,-158,4/27/16 17:43
bacteria,460.fcs,813.8,0.180424223,0.554224833,0.479323681,9,75,A,36.57,-158,4/27/16 17:43
prochloro,432.fcs,1.624,0.410612821,0.628080403,0.004170413,9,75,B,36.57,-158,4/27/16 17:43
synecho,432.fcs,7.768,0.554875491,1.310330469,1.054515033,9,75,B,36.57,-158,4/27/16 17:43
picoeuk,432.fcs,12.896,0.824791214,1.566415566,0.180776146,9,75,B,36.57,-158,4/27/16 17:43
bacteria,449.fcs,780.928,0.210575851,0.505581999,0.487363269,9,75,B,36.57,-158,4/27/16 17:43
prochloro,579.fcs,0.056,0.224056071,0.797758493,0.265063873,9,120,A,36.57,-158,4/27/16 17:43
synecho,579.fcs,0.208,0.737821527,1.547651477,1.141368655,9,120,A,36.57,-158,4/27/16 17:43
picoeuk,579.fcs,1.6,1.006156629,2.054870218,0.528488525,9,120,A,36.57,-158,4/27/16 17:43
bacteria,584.fcs,897.64,0.188672011,0.589789286,0.644529627,9,120,A,36.57,-158,4/27/16 17:43
prochloro,428.fcs,1.12,0.381771805,0.446864584,0.279300874,9,120,B,36.57,-158,4/27/16 17:43
synecho,428.fcs,0.248,0.671165341,1.436981629,1.133707865,9,120,B,36.57,-158,4/27/16 17:43
picoeuk,428.fcs,1.544,0.99474626,2.0060848,0.297752809,9,120,B,36.57,-158,4/27/16 17:43
bacteria,455.fcs,815.6984127,0.180401429,0.545844654,0.469617905,9,120,B,36.57,-158,4/27/16 17:43
prochloro,619.fcs,0.6953125,0.555973426,0.714291135,0.047524901,10,15,A,35.46,-158,4/28/16 5:10
synecho,619.fcs,4.296875,0.690160742,1.438638434,1.123029181,10,15,A,35.46,-158,4/28/16 5:10
picoeuk,619.fcs,14.2578125,0.963087306,1.775406765,0.360232249,10,15,A,35.46,-158,4/28/16 5:10
bacteria,592.fcs,915.046875,0.177540145,0.57977368,0.513785326,10,15,A,35.46,-158,4/28/16 5:10
prochloro,429.fcs,0.312,0.416371031,0.659859698,0.00405944,10,15,B,35.46,-158,4/28/16 5:10
synecho,429.fcs,2.576,0.572588042,1.388401219,1.124341879,10,15,B,35.46,-158,4/28/16 5:10
picoeuk,429.fcs,8.552,0.957561758,1.875037948,0.260848891,10,15,B,35.46,-158,4/28/16 5:10
bacteria,502.fcs,1046.192,0.1835535,0.555527969,0.482124492,10,15,B,35.46,-158,4/28/16 5:10
prochloro,406.fcs,1.361290323,0.378079284,0.491713675,0.00313864,11,5,A,36.58,-158,4/28/16 20:52
synecho,406.fcs,13.35483871,0.613810354,1.047020076,0.832475112,11,5,A,36.58,-158,4/28/16 20:52
picoeuk,406.fcs,17.33548387,0.858371864,1.34003714,0.120200088,11,5,A,36.58,-158,4/28/16 20:52
bacteria,643.fcs,1092.768,0.189346832,0.584261501,0.526766874,11,5,A,36.58,-158,4/28/16 20:52
prochloro,442.fcs,0.7578125,0.36956352,0.571025178,0.003152008,11,5,B,36.58,-158,4/28/16 20:52
synecho,442.fcs,13.2421875,0.595885063,1.04435642,0.829613625,11,5,B,36.58,-158,4/28/16 20:52
picoeuk,442.fcs,15.3671875,0.850960412,1.377441368,0.142018302,11,5,B,36.58,-158,4/28/16 20:52
bacteria,465.fcs,1097.11194,0.190848407,0.574386036,0.488130969,11,5,B,36.58,-158,4/28/16 20:52
prochloro,638.fcs,0.304,0.369772112,0.557811465,0.003262981,11,5,C,36.58,-158,4/28/16 20:52
synecho,638.fcs,11.888,0.627329084,1.181364717,0.900427295,11,5,C,36.58,-158,4/28/16 20:52
picoeuk,638.fcs,24.552,0.842119969,1.430419703,0.223799042,11,5,C,36.58,-158,4/28/16 20:52
bacteria,591.fcs,942.4251969,0.192872303,0.602327173,0.524280337,11,5,C,36.58,-158,4/28/16 20:52
prochloro,586.fcs,0.752,0.303123587,0.678478544,0.010352503,11,5,D,36.58,-158,4/28/16 20:52
synecho,586.fcs,9.128,0.641535358,1.120167869,0.885397795,11,5,D,36.58,-158,4/28/16 20:52
picoeuk,586.fcs,18.856,0.840777071,1.282568862,0.579998965,11,5,D,36.58,-158,4/28/16 20:52
bacteria,491.fcs,1130.144,0.18592624,0.55349179,0.485648565,11,5,D,36.58,-158,4/28/16 20:52
prochloro,483.fcs,0.936507937,0.318106231,0.402322379,0.00605545,11,15,A,36.58,-158,4/28/16 20:52
synecho,483.fcs,11.43650794,0.543578206,1.151364025,0.899659694,11,15,A,36.58,-158,4/28/16 20:52
picoeuk,483.fcs,21.76190476,0.795813362,1.37831702,0.200580522,11,15,A,36.58,-158,4/28/16 20:52
bacteria,464.fcs,1023.424,0.18882896,0.569820049,0.484998139,11,15,A,36.58,-158,4/28/16 20:52
prochloro,565.fcs,1.08,0.367922862,0.727781452,0.426367285,11,15,B,36.58,-158,4/28/16 20:52
synecho,565.fcs,11.352,0.60749479,1.117159282,0.914425489,11,15,B,36.58,-158,4/28/16 20:52
picoeuk,565.fcs,22.176,0.821566065,1.261230096,0.721023583,11,15,B,36.58,-158,4/28/16 20:52
bacteria,590.fcs,934.144,0.180598098,0.548812737,0.50785603,11,15,B,36.58,-158,4/28/16 20:52
prochloro,441.fcs,1.031746032,0.39646107,0.515165165,0.003137811,11,15,C,36.58,-158,4/28/16 20:52
synecho,441.fcs,17.34126984,0.608467046,1.072897898,0.850675641,11,15,C,36.58,-158,4/28/16 20:52
picoeuk,441.fcs,15.4047619,0.83642149,1.342004505,0.114277038,11,15,C,36.58,-158,4/28/16 20:52
bacteria,570.fcs,942.912,0.164672658,0.596073564,0.546555164,11,15,C,36.58,-158,4/28/16 20:52
prochloro,444.fcs,1.024,0.391289848,0.503635727,0.00316488,11,15,D,36.58,-158,4/28/16 20:52
synecho,444.fcs,16.24,0.6037077,1.078974997,0.85308831,11,15,D,36.58,-158,4/28/16 20:52
picoeuk,444.fcs,13.936,0.837587052,1.361239647,0.11510975,11,15,D,36.58,-158,4/28/16 20:52
bacteria,462.fcs,1018.416,0.188116072,0.517074537,0.448003772,11,15,D,36.58,-158,4/28/16 20:52
bacteria,540.fcs,1090.912,0.176863912,0.534836301,0.553957897,11,15,E,36.58,-158,4/28/16 20:52
bacteria,593.fcs,925.88,0.174054227,0.562362516,0.512029595,11,15,F,36.58,-158,4/28/16 20:52
prochloro,535.fcs,0.375,0.359150769,0.73659859,0.438592673,11,45,A,36.58,-158,4/28/16 20:52
synecho,535.fcs,6.671875,0.565417088,1.231917585,0.977681054,11,45,A,36.58,-158,4/28/16 20:52
picoeuk,535.fcs,15.265625,0.820605668,1.510572926,0.701317858,11,45,A,36.58,-158,4/28/16 20:52
bacteria,594.fcs,928.032,0.177979045,0.565387154,0.511772853,11,45,A,36.58,-158,4/28/16 20:52
prochloro,589.fcs,0.328,0.508541255,0.737000059,0.021970584,11,45,B,36.58,-158,4/28/16 20:52
synecho,589.fcs,7.888,0.626580176,1.22053842,1.009084993,11,45,B,36.58,-158,4/28/16 20:52
picoeuk,589.fcs,15.984,0.8712255,1.461520176,0.370662502,11,45,B,36.58,-158,4/28/16 20:52
bacteria,624.fcs,874.048,0.161692422,0.487974789,0.486024766,11,45,B,36.58,-158,4/28/16 20:52
prochloro,424.fcs,5.152,0.430038752,0.521958679,0.078596595,11,45,C,36.58,-158,4/28/16 20:52
synecho,424.fcs,30.512,0.563621656,1.133779026,0.918422155,11,45,C,36.58,-158,4/28/16 20:52
picoeuk,424.fcs,19.416,0.798261786,1.346609296,0.362726982,11,45,C,36.58,-158,4/28/16 20:52
bacteria,458.fcs,1080.008,0.186819069,0.61486178,0.504513441,11,45,C,36.58,-158,4/28/16 20:52
prochloro,412.fcs,5.047169811,0.425115098,0.530053164,0.003760692,11,45,D,36.58,-158,4/28/16 20:52
synecho,412.fcs,29.10849057,0.56719274,1.150282754,0.932455019,11,45,D,36.58,-158,4/28/16 20:52
picoeuk,412.fcs,18.1509434,0.808510638,1.332193288,0.066193098,11,45,D,36.58,-158,4/28/16 20:52
bacteria,417.fcs,1026.8,0.191730749,0.597750204,0.513013948,11,45,D,36.58,-158,4/28/16 20:52
prochloro,425.fcs,1.832,0.425399762,0.670281996,0.018310312,11,60,A,36.58,-158,4/28/16 20:52
synecho,425.fcs,8.008,0.568124752,1.32470641,1.078578665,11,60,A,36.58,-158,4/28/16 20:52
picoeuk,425.fcs,14.048,0.876437161,1.707158351,0.30060046,11,60,A,36.58,-158,4/28/16 20:52
bacteria,452.fcs,821.736,0.182370559,0.570171283,0.482529898,11,60,A,36.58,-158,4/28/16 20:52
prochloro,587.fcs,0.776,0.454857647,0.693535034,0.022792237,11,60,B,36.58,-158,4/28/16 20:52
synecho,587.fcs,4.104,0.720781214,1.365357116,1.058021162,11,60,B,36.58,-158,4/28/16 20:52
picoeuk,587.fcs,13.656,1.075493055,1.787461428,0.470487939,11,60,B,36.58,-158,4/28/16 20:52
bacteria,463.fcs,921.152,0.180853087,0.548758482,0.472669528,11,60,B,36.58,-158,4/28/16 20:52
prochloro,607.fcs,0.088,0.212015908,0.909360098,0.011577351,11,60,C,36.58,-158,4/28/16 20:52
synecho,607.fcs,4.768,0.701417043,1.448777111,1.147927199,11,60,C,36.58,-158,4/28/16 20:52
picoeuk,607.fcs,13.992,1.050291517,1.827680357,0.430637007,11,60,C,36.58,-158,4/28/16 20:52
bacteria,459.fcs,827.112,0.17912048,0.55112929,0.475093029,11,60,C,36.58,-158,4/28/16 20:52
prochloro,434.fcs,1.8046875,0.37305799,0.519529398,0.003301617,11,60,D,36.58,-158,4/28/16 20:52
synecho,434.fcs,7.9921875,0.513284223,1.056928639,1.1284511,11,60,D,36.58,-158,4/28/16 20:52
picoeuk,434.fcs,12.890625,0.798903746,1.341364391,0.169344356,11,60,D,36.58,-158,4/28/16 20:52
bacteria,623.fcs,959.896,0.161445741,0.455271786,0.451097503,11,60,D,36.58,-158,4/28/16 20:52
prochloro,431.fcs,1.608,0.367448128,0.629964031,0.013428431,11,60,E,36.58,-158,4/28/16 20:52
synecho,431.fcs,8.12,0.500630582,1.286794392,1.059247418,11,60,E,36.58,-158,4/28/16 20:52
picoeuk,431.fcs,13.312,0.760465076,1.6002716,0.192129857,11,60,E,36.58,-158,4/28/16 20:52
bacteria,461.fcs,805.3730159,0.181564874,0.575409919,0.497234006,11,60,E,36.58,-158,4/28/16 20:52
prochloro,618.fcs,1.4,0.486479686,0.60194866,0.112713405,11,60,F,36.58,-158,4/28/16 20:52
synecho,618.fcs,4.592,0.705727503,1.416226344,1.133447823,11,60,F,36.58,-158,4/28/16 20:52
picoeuk,618.fcs,14.272,1.078450729,1.810979951,0.411859784,11,60,F,36.58,-158,4/28/16 20:52
bacteria,451.fcs,840.984,0.176148469,0.506807822,0.511542364,11,60,F,36.58,-158,4/28/16 20:52
prochloro,440.fcs,1.672,0.420285317,0.689727073,0.003129695,11,60,G,36.58,-158,4/28/16 20:52
synecho,440.fcs,7.464,0.564176826,1.325948542,1.072984477,11,60,G,36.58,-158,4/28/16 20:52
picoeuk,440.fcs,13.728,0.874679556,1.676583386,0.184076114,11,60,G,36.58,-158,4/28/16 20:52
bacteria,418.fcs,864.121739,0.197868813,0.59640757,0.514115646,11,60,G,36.58,-158,4/28/16 20:52
prochloro,437.fcs,109.216,0.373578943,0.520126027,0.00314331,NA,75,A,NA,NA,NA
synecho,437.fcs,9.656,0.511040888,1.022643621,0.823547162,NA,75,A,NA,NA,NA
picoeuk,437.fcs,19.264,0.862114147,1.32228144,0.205446727,NA,75,A,NA,NA,NA
bacteria,422.fcs,504.04,0.18747733,0.589040081,0.510260582,NA,75,A,NA,NA,NA
prochloro,481.fcs,104.968,0.344050504,0.406145376,0.005374731,NA,75,B,NA,NA,NA
synecho,481.fcs,10.664,0.494761942,1.036678819,0.825433728,NA,75,B,NA,NA,NA
picoeuk,481.fcs,19.408,0.864084122,1.408600551,0.256612169,NA,75,B,NA,NA,NA
bacteria,448.fcs,477.008,0.183730255,0.474655829,0.482899426,NA,75,B,NA,NA,NA
prochloro,588.fcs,0.368,0.586088767,1.005436579,0.045237978,11,75,C,36.58,-158,4/28/16 20:52
synecho,588.fcs,3.032,0.741478187,1.687727289,1.105972788,11,75,C,36.58,-158,4/28/16 20:52
picoeuk,588.fcs,10.672,1.073568657,2.129890166,0.365636819,11,75,C,36.58,-158,4/28/16 20:52
bacteria,454.fcs,655.6692913,0.177974688,0.531860398,0.463147739,11,75,C,36.58,-158,4/28/16 20:52
prochloro,409.fcs,0.262068966,0.437871187,0.691457665,0.003214707,11,75,D,36.58,-158,4/28/16 20:52
synecho,409.fcs,1,0.665744104,1.481312465,1.189843534,11,75,D,36.58,-158,4/28/16 20:52
picoeuk,409.fcs,4.462068966,1.010340387,1.995361116,0.228344677,11,75,D,36.58,-158,4/28/16 20:52
prochloro,435.fcs,0.384,0.364267205,0.451561166,0.017068299,11,75,E,36.58,-158,4/28/16 20:52
synecho,435.fcs,0.904,0.598827806,1.012597977,1.226608908,11,75,E,36.58,-158,4/28/16 20:52
picoeuk,435.fcs,4.104,0.896224282,1.35129472,0.259215066,11,75,E,36.58,-158,4/28/16 20:52
prochloro,585.fcs,0.056,0.331939451,1.326316892,0.591891099,11,100,A,36.58,-158,4/28/16 20:52
synecho,585.fcs,0.624,0.779943236,1.760952281,1.126887922,11,100,A,36.58,-158,4/28/16 20:52
picoeuk,585.fcs,2.728,1.110652791,2.287674102,0.754973361,11,100,A,36.58,-158,4/28/16 20:52
bacteria,530.fcs,565.44,0.203294338,0.519144367,0.509768085,11,100,A,36.58,-158,4/28/16 20:52
prochloro,525.fcs,0.192,0.443286648,0.750757632,0.021982875,11,100,B,36.58,-158,4/28/16 20:52
synecho,525.fcs,0.72,0.665471522,1.47283613,1.165116907,11,100,B,36.58,-158,4/28/16 20:52
picoeuk,525.fcs,2.864,1.031914894,1.996977482,0.274849682,11,100,B,36.58,-158,4/28/16 20:52
bacteria,612.fcs,535.4,0.169969526,0.530107782,0.500234608,11,100,B,36.58,-158,4/28/16 20:52
prochloro,404.fcs,0.552631579,0.391589326,0.573355506,0.003287537,11,100,C,36.58,-158,4/28/16 20:52
synecho,404.fcs,1.752631579,0.606393905,1.386437546,1.0859421,11,100,C,36.58,-158,4/28/16 20:52
picoeuk,404.fcs,5.668421053,0.967731695,1.975314117,0.210132483,11,100,C,36.58,-158,4/28/16 20:52
bacteria,423.fcs,512.0740741,0.190149109,0.612771102,0.522369572,11,100,C,36.58,-158,4/28/16 20:52
prochloro,436.fcs,0.512,0.36686785,0.542926556,0.004063349,11,100,D,36.58,-158,4/28/16 20:52
synecho,436.fcs,2.048,0.568390764,1.369314147,1.094607495,11,100,D,36.58,-158,4/28/16 20:52
picoeuk,436.fcs,4.816,0.881254825,1.908503084,0.214133601,11,100,D,36.58,-158,4/28/16 20:52
bacteria,447.fcs,509.192,0.187568927,0.484542838,0.489944299,11,100,D,36.58,-158,4/28/16 20:52
prochloro,482.fcs,229.832,0.2897474,0.260579787,0.003223126,12,15,A,33.09,-158,4/30/16 5:03
synecho,482.fcs,18.696,0.553173424,0.867586776,0.890791428,12,15,A,33.09,-158,4/30/16 5:03
picoeuk,482.fcs,11.368,0.868701878,1.094075319,0.353007831,12,15,A,33.09,-158,4/30/16 5:03
bacteria,493.fcs,1281.536,0.228351325,0.581012532,0.49959538,12,15,A,33.09,-158,4/30/16 5:03
prochloro,438.fcs,250.448,0.321337206,0.455903614,0.003051256,12,15,B,33.09,-158,4/30/16 5:03
synecho,438.fcs,18.824,0.577064379,1.032232459,0.864957307,12,15,B,33.09,-158,4/30/16 5:03
picoeuk,438.fcs,11.048,0.877724134,1.275407512,0.252319201,12,15,B,33.09,-158,4/30/16 5:03
bacteria,446.fcs,1137.272,0.193964481,0.472169611,0.477375122,12,15,B,33.09,-158,4/30/16 5:03
prochloro,470.fcs,184.8769231,0.24166523,0.343339533,0.004156755,13,15,A,29.7,-158,5/1/16 5:03
synecho,470.fcs,7.330769231,0.547308554,0.834185749,0.646099912,13,15,A,29.7,-158,5/1/16 5:03
picoeuk,470.fcs,3.607692308,0.999923402,1.434238056,0.437586077,13,15,A,29.7,-158,5/1/16 5:03
bacteria,489.fcs,444.344,0.151090054,0.523489596,0.438985188,13,15,A,29.7,-158,5/1/16 5:03
prochloro,433.fcs,187.8615385,0.230997636,0.33729209,0.003093272,13,15,B,29.7,-158,5/1/16 5:03
synecho,433.fcs,6.384615385,0.551385986,0.851382075,0.652580637,13,15,B,29.7,-158,5/1/16 5:03
picoeuk,433.fcs,3.669230769,0.959192045,1.350903434,0.246239429,13,15,B,29.7,-158,5/1/16 5:03
bacteria,450.fcs,555.2653061,0.176272193,0.493397464,0.495349188,13,15,B,29.7,-158,5/1/16 5:03
prochloro,479.fcs,190.136,0.226529022,0.268795425,0.003307964,14,5,A,26.28,-158,5/2/16 9:30
synecho,479.fcs,7.552,0.532450331,0.707792208,0.572252898,14,5,A,26.28,-158,5/2/16 9:30
picoeuk,479.fcs,2.752,1.000077912,1.365423567,0.539869671,14,5,A,26.28,-158,5/2/16 9:30
bacteria,499.fcs,464.176,0.158011013,0.538176667,0.447240737,14,5,A,26.28,-158,5/2/16 9:30
prochloro,478.fcs,183.8108108,0.228888889,0.261050034,0.003382216,14,5,B,26.28,-158,5/2/16 9:30
synecho,478.fcs,7.574324324,0.535130435,0.688383442,0.592821626,14,5,B,26.28,-158,5/2/16 9:30
picoeuk,478.fcs,2.621621622,0.980792271,1.269239399,0.499936899,14,5,B,26.28,-158,5/2/16 9:30
bacteria,495.fcs,452.328,0.15991564,0.545730192,0.448788384,14,5,B,26.28,-158,5/2/16 9:30
prochloro,439.fcs,187.88,0.217343032,0.464367308,0.003020184,14,15,A,26.28,-158,5/2/16 9:30
synecho,439.fcs,6.544,0.524042879,1.091089985,0.634435005,14,15,A,26.28,-158,5/2/16 9:30
picoeuk,439.fcs,3.2,0.946611792,1.717223082,0.248931886,14,15,A,26.28,-158,5/2/16 9:30
bacteria,445.fcs,897.7936508,0.218189589,0.507133228,0.489657858,14,15,A,26.28,-158,5/2/16 9:30
prochloro,468.fcs,105.175,0.266887707,0.194509346,0.02106292,14,15,B,26.28,-158,5/2/16 9:30
synecho,468.fcs,6.90625,0.543341146,0.780994451,0.639511301,14,15,B,26.28,-158,5/2/16 9:30
picoeuk,468.fcs,3.0875,1.004706645,1.527416764,0.471301161,14,15,B,26.28,-158,5/2/16 9:30
bacteria,497.fcs,778.104,0.224902151,0.57624087,0.49067699,14,15,B,26.28,-158,5/2/16 9:30
prochloro,466.fcs,175.96,0.249283224,0.319789659,0.247069298,14,45,A,26.28,-158,5/2/16 9:30
synecho,466.fcs,1.552,0.574273537,0.936342555,0.892244151,14,45,A,26.28,-158,5/2/16 9:30
picoeuk,466.fcs,2.904,0.973169314,1.383381781,0.71420092,14,45,A,26.28,-158,5/2/16 9:30
bacteria,492.fcs,433.488,0.137301601,0.527182741,0.451358062,14,45,A,26.28,-158,5/2/16 9:30
prochloro,476.fcs,162.44,0.23578492,0.441328116,0.003085277,14,45,B,26.28,-158,5/2/16 9:30
synecho,476.fcs,1.408,0.540829728,1.17095111,0.871726521,14,45,B,26.28,-158,5/2/16 9:30
picoeuk,476.fcs,2.624,0.965138288,1.665191794,0.385462175,14,45,B,26.28,-158,5/2/16 9:30
bacteria,505.fcs,500.384,0.145829848,0.519561698,0.444395421,14,45,B,26.28,-158,5/2/16 9:30
prochloro,474.fcs,132.888,0.311591524,0.429579271,0.01499841,14,60,A,26.28,-158,5/2/16 9:30
synecho,474.fcs,1.648,0.560662373,0.959915341,0.922610164,14,60,A,26.28,-158,5/2/16 9:30
picoeuk,474.fcs,4.496,0.899534938,1.25211647,0.393824472,14,60,A,26.28,-158,5/2/16 9:30
bacteria,494.fcs,586.792,0.157490034,0.533429259,0.457982988,14,60,A,26.28,-158,5/2/16 9:30
prochloro,477.fcs,136.648,0.302116667,0.601894868,0.011712489,14,60,B,26.28,-158,5/2/16 9:30
synecho,477.fcs,1.768,0.549678066,1.303581227,0.949500678,14,60,B,26.28,-158,5/2/16 9:30
picoeuk,477.fcs,4.488,0.876778348,1.561071076,0.366909136,14,60,B,26.28,-158,5/2/16 9:30
bacteria,501.fcs,588.064,0.15871026,0.541553693,0.46109164,14,60,B,26.28,-158,5/2/16 9:30
prochloro,475.fcs,89.65925926,0.389933968,0.734056366,0.028265251,14,75,A,26.28,-158,5/2/16 9:30
synecho,475.fcs,0.718518519,0.593327703,1.419422592,1.096445952,14,75,A,26.28,-158,5/2/16 9:30
picoeuk,475.fcs,8.140740741,0.904080928,1.829909112,0.294499336,14,75,A,26.28,-158,5/2/16 9:30
bacteria,486.fcs,679.7333333,0.162223775,0.553410744,0.479197568,14,75,A,26.28,-158,5/2/16 9:30
prochloro,469.fcs,88.16535433,0.400858171,0.657127233,0.042397517,14,75,B,26.28,-158,5/2/16 9:30
synecho,469.fcs,0.724409449,0.584037252,1.293911775,1.080237485,14,75,B,26.28,-158,5/2/16 9:30
picoeuk,469.fcs,8.921259843,0.911008062,1.716697047,0.342382736,14,75,B,26.28,-158,5/2/16 9:30
bacteria,496.fcs,643.9846154,0.159131191,0.540122382,0.468969914,14,75,B,26.28,-158,5/2/16 9:30
prochloro,467.fcs,49.128,0.471675279,0.92585849,0.090333703,14,80,A,26.28,-158,5/2/16 9:30
synecho,467.fcs,0.416,0.663465048,1.455627982,1.180199483,14,80,A,26.28,-158,5/2/16 9:30
picoeuk,467.fcs,4.864,0.958968054,1.887149048,0.442901121,14,80,A,26.28,-158,5/2/16 9:30
bacteria,488.fcs,503.0793651,0.160581984,0.548913585,0.473271561,14,80,A,26.28,-158,5/2/16 9:30
prochloro,472.fcs,48.168,0.457412065,0.666969218,0.052950787,14,80,B,26.28,-158,5/2/16 9:30
synecho,472.fcs,0.416,0.63116108,1.013614792,1.149891078,14,80,B,26.28,-158,5/2/16 9:30
picoeuk,472.fcs,4.536,0.93085326,1.329555769,0.387909694,14,80,B,26.28,-158,5/2/16 9:30
bacteria,487.fcs,524.1257143,0.165532085,0.552170356,0.475944723,14,80,B,26.28,-158,5/2/16 9:30
prochloro,473.fcs,4.688,0.542864411,0.897541106,0.082310902,14,120,A,26.28,-158,5/2/16 9:30
synecho,473.fcs,0.112,0.67424613,1.230405223,1.198530698,14,120,A,26.28,-158,5/2/16 9:30
picoeuk,473.fcs,0.72,1.022718823,1.682470275,0.346085609,14,120,A,26.28,-158,5/2/16 9:30
bacteria,500.fcs,272.68,0.200090183,0.557561181,0.486818637,14,120,A,26.28,-158,5/2/16 9:30
prochloro,480.fcs,4.135294118,0.506730144,1.279567131,0.071757558,14,120,B,26.28,-158,5/2/16 9:30
synecho,480.fcs,0.035294118,0.712439295,1.715003668,1.19317458,14,120,B,26.28,-158,5/2/16 9:30
picoeuk,480.fcs,0.729411765,0.996845245,2.251137197,0.310745259,14,120,B,26.28,-158,5/2/16 9:30
bacteria,490.fcs,268.9777778,0.197489724,0.575745356,0.500957116,14,120,B,26.28,-158,5/2/16 9:30