time_GMT,lon_decW,lat_decN,station,depth_m,population,fsc,chl,ssc,pe,abundance_cells.uL,sd.fsc,sd.chl,sd.ssc,sd.pe,sd.abundance
5/29/17 7:26,-158.01333,25.76833,2,15,picoeuk,1.02722,12.58629,0.43836,0.01046,0.670726,0.02182,0.21929,0.02113,0.00249,0.06172
5/29/17 7:26,-158.01333,25.76833,2,15,prochloro,0.03374,0.37324,0.10767,0.00193,86.71759,0.00016,0.00309,0.00057,0.00017,2.04015
5/29/17 7:26,-158.01333,25.76833,2,15,synecho,0.2186,0.32642,0.41451,0.2153,0.4387,0.17577,0.16752,0.12341,0.16387,0.03031
5/29/17 7:26,-158.01333,25.76833,2,15,bacteria,0.00124,0.03657,0.0164,0.01375,207.36902,1.00E-05,0.0014,5.00E-05,0.00036,5.93999
5/29/17 7:26,-158.01333,25.76833,2,25,picoeuk,0.93928,9.76307,0.42287,0.0152,0.381022,0.05381,0.04534,0.01372,0.01188,0.4505
5/29/17 7:26,-158.01333,25.76833,2,25,prochloro,0.03538,0.37794,0.1099,0.00232,86.17965,0.00032,0.0137,0.00288,0.00104,1.70934
5/29/17 7:26,-158.01333,25.76833,2,25,synecho,0.20137,3.85998,0.12019,1.12174,0.2753,0.02523,0.36243,0.03259,0.07314,0.01814
5/29/17 7:26,-158.01333,25.76833,2,25,bacteria,0.00131,0.03321,0.01676,0.01291,204.58485,2.00E-05,0.00081,0.00031,0.00018,1.32163
5/29/17 7:26,-158.01333,25.76833,2,45,picoeuk,0.88625,9.49119,0.42096,0.00463,3.64364,0.05191,0.31591,0.00721,0.00051,0.17981
5/29/17 7:26,-158.01333,25.76833,2,45,prochloro,0.03416,0.37474,0.11016,0.00141,86.07407,0.00097,0.00471,0.00204,4.00E-05,1.60771
5/29/17 7:26,-158.01333,25.76833,2,45,synecho,0.15033,2.70081,0.11965,0.80653,0.309,0.06553,0.72603,0.06218,0.13954,0.0142
5/29/17 7:26,-158.01333,25.76833,2,45,bacteria,0.00133,0.03482,0.01737,0.01356,209.81955,4.00E-05,0.0018,0.00022,0.00058,1.56571
5/29/17 7:26,-158.01333,25.76833,2,60,picoeuk,0.94247,9.97774,0.41707,0.00567,3.98276,0.02279,0.14096,0.01918,0.00206,0.29229
5/29/17 7:26,-158.01333,25.76833,2,60,prochloro,0.03438,0.37377,0.10631,0.00149,86.72528,0.00054,0.00956,0.00375,0.00015,1.24265
5/29/17 7:26,-158.01333,25.76833,2,60,synecho,0.1481,3.27215,0.10002,0.93574,0.2739,0.01433,0.34904,0.01454,0.03346,0.00321
5/29/17 7:26,-158.01333,25.76833,2,60,bacteria,0.00131,0.03386,0.01687,0.01307,214.37321,2.00E-05,0.00051,0.00011,0.00031,2.97661
5/29/17 7:26,-158.01333,25.76833,2,120,picoeuk,1.03945,2.62706,0.40102,0.00752,1.94441,0.06553,0.1938,0.01435,0.00181,0.08611
5/29/17 7:26,-158.01333,25.76833,2,120,prochloro,0.00388,0.01447,0.01779,0.00127,231.73139,1.00E-04,0.00041,0.00036,0,2.06234
5/29/17 7:26,-158.01333,25.76833,2,120,synecho,0.03734,0.14516,0.1022,0.03119,2.05356,0.00352,0.02276,0.00195,0.00328,0.43379
5/29/17 7:26,-158.01333,25.76833,2,120,bacteria,0.00234,0.04801,0.01946,0.02122,355.55108,2.00E-05,0.00398,0.00019,0.00137,8.20122
5/30/17 6:28,-157.99667,28.47083,3,15,picoeuk,0.91273,2.08539,0.37637,0.01532,2.25415,0.03784,0.11244,0.02287,0.00873,0.08912
5/30/17 6:28,-157.99667,28.47083,3,15,prochloro,0.00425,0.01696,0.02031,0.00133,246.44482,9.00E-05,0.00103,0.00098,0.00014,14.67769
5/30/17 6:28,-157.99667,28.47083,3,15,synecho,0.04288,0.16409,0.12011,0.03261,2.63097,0.00166,0.02807,0.00415,0.00497,0.36286
5/30/17 6:28,-157.99667,28.47083,3,15,bacteria,0.00241,0.05005,0.0196,0.0211,322.21374,5.00E-05,0.00258,0.00034,0.00073,13.89951
5/31/17 6:53,-157.99833,32.25817,4,15,picoeuk,0.82236,1.78329,0.31149,0.01027,2.55561,0.06822,0.18213,0.02799,0.00718,0.16529
5/31/17 6:53,-157.99833,32.25817,4,15,prochloro,0.00579,0.01965,0.02437,0.0013,178.78865,9.00E-05,0.00099,0.00123,9.00E-05,9.14587
5/31/17 6:53,-157.99833,32.25817,4,15,synecho,0.05362,0.19613,0.09795,0.03722,1.77222,0.00231,0.02993,0.00224,0.00316,0.30276
5/31/17 6:53,-157.99833,32.25817,4,15,bacteria,0.00215,0.04585,0.02036,0.01853,387.29139,5.00E-05,0.00165,2.00E-04,0.00078,9.82915
6/1/17 6:26,-158,36.062,5,15,picoeuk,0.57665,1.99006,0.26139,0.00639,5.7896,0.00843,0.12162,0.01849,0.00083,0.2498
6/1/17 6:26,-158,36.062,5,15,prochloro,0.01355,0.04591,0.04305,0.00128,31.3652,5.00E-05,0.00182,0.00145,3.00E-05,0.69024
6/1/17 6:26,-158,36.062,5,15,synecho,0.07949,0.67976,0.07225,0.15466,29.31588,0.00114,0.02988,0.0012,0.00348,0.65983
6/1/17 6:26,-158,36.062,5,15,bacteria,0.0018,0.04153,0.02007,0.01717,744.39276,3.00E-05,0.00158,0.00046,0.00052,9.45314
6/2/17 6:28,-157.99333,39.76333,6,15,picoeuk,1.42222,5.85632,0.58737,0.00414,17.6277,0.03982,0.46799,0.03863,0.00064,1.08535
6/2/17 6:28,-157.99333,39.76333,6,15,prochloro,0.00473,0.07073,0.01932,0.00126,0.17845,0.00158,0.00718,0.00798,1.00E-05,0.08458
6/2/17 6:28,-157.99333,39.76333,6,15,synecho,0.05147,1.07677,0.06372,0.19325,4.94408,0.00122,0.06812,0.00204,0.00672,0.08902
6/2/17 6:28,-157.99333,39.76333,6,15,bacteria,0.00211,0.04504,0.02082,0.01953,1399.10897,1.00E-05,0.00099,4.00E-04,0.00021,58.13865
6/3/17 6:29,-158,41.41667,7,15,picoeuk,1.47076,5.36097,0.53225,0.00332,17.40441,0.01895,0.28298,0.01249,0.00024,0.51272
6/3/17 6:29,-158,41.41667,7,15,prochloro,0.00796,0.09524,0.02623,0.00123,0.32251,0.00311,0.02557,0.00787,0,0.26091
6/3/17 6:29,-158,41.41667,7,15,synecho,0.0629,0.84164,0.07122,0.1757,1.45654,0.00186,0.01872,0.00309,0.00319,0.10079
6/3/17 6:29,-158,41.41667,7,15,bacteria,0.00251,0.03991,0.02611,0.01744,639.61287,4.00E-05,0.00436,0.00033,0.00133,1.83673
6/3/17 6:29,-158,41.41667,7,25,picoeuk,1.47536,4.88997,0.54116,0.00466,17.02735,0.01461,0.11288,0.00418,0.00108,0.4273
6/3/17 6:29,-158,41.41667,7,25,prochloro,0.00783,0.31959,0.04178,0.00126,0.1285,0.00326,0.15642,0.00818,0,0.10622
6/3/17 6:29,-158,41.41667,7,25,synecho,0.06672,0.94879,0.07658,0.17966,1.52545,0.00029,0.02486,0.00615,0.00531,0.0476
6/3/17 6:29,-158,41.41667,7,25,bacteria,0.00258,0.0451,0.02586,0.01983,609.62494,3.00E-05,0.00215,0.00034,0.00038,7.62594
6/3/17 6:29,-158,41.41667,7,45,picoeuk,1.40324,9.06964,0.69108,0.00333,1.66286,0.04975,0.29205,0.03715,0.001,0.06537
6/3/17 6:29,-158,41.41667,7,45,prochloro,0.00599,0.23629,0.02724,0.00129,0.05654,0.00123,0.17962,0.00505,3.00E-05,0.04304
6/3/17 6:29,-158,41.41667,7,45,synecho,0.11782,2.99009,0.08855,0.76447,0.73294,0.00489,0.11056,0.00664,0.02531,0.09933
6/3/17 6:29,-158,41.41667,7,45,bacteria,0.00201,0.04308,0.0183,0.0199,605.47548,2.00E-05,0.00196,2.00E-05,0.00054,13.05917
6/3/17 6:29,-158,41.41667,7,60,picoeuk,1.35246,10.3826,0.64235,0.00341,0.76167,0.06258,1.19365,0.0196,0.00039,0.06709
6/3/17 6:29,-158,41.41667,7,60,prochloro,0.01778,0.97601,0.0508,0.00135,0.02905,0.01184,0.88311,0.02732,0.00023,0.01576
6/3/17 6:29,-158,41.41667,7,60,synecho,0.11889,3.37254,0.07623,0.95094,0.56328,0.00829,0.16058,0.00513,0.02318,0.04091
6/3/17 6:29,-158,41.41667,7,60,bacteria,0.00187,0.0393,0.01702,0.01743,437.45318,4.00E-05,0.00318,0.00021,0.00082,8.37951
6/3/17 6:29,-158,41.41667,7,120,picoeuk,1.75749,7.4099,1.35204,0.01404,0.17084,0.22523,4.30262,1.02524,0.00297,0.15038
6/3/17 6:29,-158,41.41667,7,120,prochloro,0.01541,0.2055,0.13724,0.00294,0.03884,0.00892,0.13716,0.11723,0.00288,0.01764
6/3/17 6:29,-158,41.41667,7,120,synecho,0.1489,2.00882,0.0909,0.49998,0.02333,0.05605,1.09847,0.04252,0.31447,0.00579
6/3/17 6:29,-158,41.41667,7,120,bacteria,0.00167,0.03803,0.01889,0.01632,258.75212,4.00E-05,0.00087,0.00029,0.00019,8.81353
6/4/17 12:53,-158,39.49983,8,15,picoeuk,1.64782,4.63233,0.60609,0.01736,11.44932,0.05673,0.33553,0.03061,0.0235,0.92517
6/4/17 12:53,-158,39.49983,8,15,prochloro,0.00601,0.10756,0.03742,0.00496,0.36923,0.00126,0.03728,0.02312,0.00487,0.19566
6/4/17 12:53,-158,39.49983,8,15,synecho,0.05484,0.58934,0.05579,0.12299,12.21656,0.00155,0.01361,0.00113,0.01021,0.85125
6/4/17 12:53,-158,39.49983,8,15,bacteria,0.00213,0.04222,0.02081,0.01864,1411.22687,2.00E-05,0.00349,0.00024,9.00E-04,27.03417
6/4/17 12:53,-158,39.49983,8,25,picoeuk,1.56937,5.29458,0.59067,0.00405,9.22075,0.00937,0.15025,0.02657,0.00013,0.76431
6/4/17 12:53,-158,39.49983,8,25,prochloro,0.00936,0.17154,0.02995,0.00132,0.23546,0.00716,0.14995,0.01576,5.00E-05,0.17315
6/4/17 12:53,-158,39.49983,8,25,synecho,0.05251,0.72959,0.05558,0.13125,10.80346,0.00034,0.01747,0.00062,0.00846,0.27599
6/4/17 12:53,-158,39.49983,8,25,bacteria,0.00208,0.04307,0.02084,0.01905,1331.08787,4.00E-05,0.00079,0.00034,4.00E-04,33.17667
6/4/17 12:53,-158,39.49983,8,45,picoeuk,1.60097,12.07369,0.69505,0.00286,1.95527,0.03695,0.39662,0.02453,0.00042,0.0681
6/4/17 12:53,-158,39.49983,8,45,prochloro,0.03015,0.20884,0.07919,0.00127,0.41325,0.00443,0.03655,0.01263,1.00E-05,0.04055
6/4/17 12:53,-158,39.49983,8,45,synecho,0.13728,4.05479,0.07684,0.93188,5.03707,0.00108,0.13523,0.00184,0.02438,0.15292
6/4/17 12:53,-158,39.49983,8,45,bacteria,0.00164,0.03657,0.01807,0.01574,656.70306,1.00E-05,0.00157,0.00031,0.00059,5.23155
6/4/17 12:53,-158,39.49983,8,60,picoeuk,1.45542,13.66189,0.60398,0.02005,1.0988,0.04928,0.91575,0.04129,0.02161,0.09606
6/4/17 12:53,-158,39.49983,8,60,prochloro,0.03482,0.28597,0.10809,0.00515,0.29696,0.00173,0.06223,0.01774,0.00641,0.13533
6/4/17 12:53,-158,39.49983,8,60,synecho,0.14844,5.16727,0.07912,1.20135,2.74252,0.00207,0.14048,0.00324,0.04523,0.1085
6/4/17 12:53,-158,39.49983,8,60,bacteria,0.00156,0.03648,0.0175,0.01475,475.03112,6.00E-05,0.00139,0.00035,0.00038,4.81427
6/4/17 12:53,-158,39.49983,8,120,picoeuk,1.72317,9.84912,0.80756,0.05504,0.16709,0.235,2.46358,0.04833,0.08632,0.03229
6/4/17 12:53,-158,39.49983,8,120,prochloro,0.01707,0.20806,0.05624,0.01472,0.05433,0.00907,0.11577,0.01854,0.02319,0.02957
6/4/17 12:53,-158,39.49983,8,120,synecho,0.07636,2.00218,0.07719,0.45485,0.10116,0.00318,0.22177,0.01032,0.0407,0.03589
6/4/17 12:53,-158,39.49983,8,120,bacteria,0.00164,0.03584,0.01935,0.01444,274.91151,5.00E-05,0.00054,7.00E-05,0.00052,6.66707
6/5/17 10:58,-158,37.99983,9,15,picoeuk,0.23559,1.10031,0.17828,0.00411,22.0528,0.00584,0.06527,0.00156,8.00E-04,0.50592
6/5/17 10:58,-158,37.99983,9,15,prochloro,0.01179,0.04853,0.03697,0.00132,5.95368,2.00E-04,0.0014,0.00041,6.00E-05,0.25465
6/5/17 10:58,-158,37.99983,9,15,synecho,0.05019,0.50275,0.06278,0.08774,34.10799,0.00111,0.01936,0.00188,0.00142,0.61284
6/5/17 10:58,-158,37.99983,9,15,bacteria,0.00194,0.04181,0.02302,0.01541,800.49956,7.00E-05,0.00077,0.00023,0.00033,39.34144
6/5/17 10:58,-158,37.99983,9,25,picoeuk,0.26292,1.37627,0.21201,0.00275,19.14059,0.0104,0.01196,0.00461,0.00034,0.86165
6/5/17 10:58,-158,37.99983,9,25,prochloro,0.01145,0.05306,0.03809,0.00125,5.311,7.00E-05,5.00E-04,0.00043,0,0.1846
6/5/17 10:58,-158,37.99983,9,25,synecho,0.04418,0.53971,0.06157,0.08727,30.22955,0.00068,0.00924,0.00099,0.00137,1.27142
6/5/17 10:58,-158,37.99983,9,25,bacteria,0.00204,0.03922,0.02263,0.01514,756.80113,3.00E-05,0.00077,4.00E-04,0.00021,21.01485
6/5/17 10:58,-158,37.99983,9,40,picoeuk,0.61382,4.56877,0.34519,0.00324,18.05387,0.04612,0.03674,0.01285,0.00116,0.07485
6/5/17 10:58,-158,37.99983,9,40,prochloro,0.01652,0.11064,0.05173,0.00127,12.7059,0.00015,0.0023,0.00037,0,0.49681
6/5/17 10:58,-158,37.99983,9,40,synecho,0.07212,1.73434,0.06513,0.32206,47.62891,8.00E-05,0.08636,0.00078,0.01553,1.18159
6/5/17 10:58,-158,37.99983,9,40,bacteria,0.00208,0.04141,0.02035,0.01666,818.23103,4.00E-05,0.00064,0.00028,0.00025,18.84911
6/5/17 10:58,-158,37.99983,9,45,picoeuk,1.16882,9.07153,0.54803,0.02056,5.95865,0.0273,0.23851,0.02646,0.02412,0.4333
6/5/17 10:58,-158,37.99983,9,45,prochloro,0.02575,0.19631,0.0804,0.0035,18.98056,8.00E-04,0.00378,5.00E-04,0.00351,0.68749
6/5/17 10:58,-158,37.99983,9,45,synecho,0.09143,2.55348,0.07607,0.66211,24.77841,0.00135,0.03557,0.00056,0.00426,0.47918
6/5/17 10:58,-158,37.99983,9,45,bacteria,0.00196,0.04102,0.01995,0.01702,477.81833,1.00E-05,0.00102,0.00034,0.00032,6.43239
6/5/17 10:58,-158,37.99983,9,60,picoeuk,1.28633,12.97567,0.53702,0.00477,3.3762,0.02077,0.49957,0.01946,3.00E-04,0.28529
6/5/17 10:58,-158,37.99983,9,60,prochloro,0.02975,0.24537,0.08947,0.00123,7.79895,7.00E-04,0.00703,0.00296,3.00E-05,0.32924
6/5/17 10:58,-158,37.99983,9,60,synecho,0.12437,3.88333,0.08044,1.00958,7.9635,0.00141,0.03473,0.00277,0.03296,0.33349
6/5/17 10:58,-158,37.99983,9,60,bacteria,0.00167,0.03512,0.01849,0.01384,445.95612,4.00E-05,9.00E-04,0.00029,0.00022,13.0056
6/5/17 10:58,-158,37.99983,9,120,picoeuk,1.49427,19.92966,0.59674,0.00555,0.3508,0.08589,3.21716,0.03085,0.00143,0.01508
6/5/17 10:58,-158,37.99983,9,120,prochloro,0.05721,0.56866,0.14931,0.00147,0.37203,0.00623,0.26122,0.02793,9.00E-05,0.04431
6/5/17 10:58,-158,37.99983,9,120,synecho,0.10487,2.67927,0.07871,0.62982,0.42094,0.00912,0.20563,0.00333,0.03563,0.07461
6/5/17 10:58,-158,37.99983,9,120,bacteria,0.00165,0.03492,0.01892,0.01338,276.76425,4.00E-05,0.00123,0.00013,0.00021,15.14695
6/6/17 7:21,-158,36.99983,11,15,picoeuk,0.50046,1.40634,0.27912,0.01568,5.20969,0.51603,1.01188,0.16887,0.01969,1.28743
6/6/17 7:21,-158,36.99983,11,15,prochloro,0.03068,0.14207,0.04627,0.00306,35.07966,0.0519,0.22924,0.02402,0.00302,29.69796
6/6/17 7:21,-158,36.99983,11,15,synecho,0.04059,0.38281,0.06171,0.07537,46.51889,0.00152,0.01854,0.00082,0.00258,0.90194
6/6/17 7:21,-158,36.99983,11,15,bacteria,0.00187,0.03919,0.02157,0.01642,854.40925,2.00E-05,0.00063,0.00024,0.00032,17.13414
6/6/17 7:21,-158,36.99983,11,25,picoeuk,0.44489,1.27466,0.24969,0.0042,4.84828,0.00446,0.08381,0.01678,0.00068,0.38281
6/6/17 7:21,-158,36.99983,11,25,prochloro,0.00756,0.04016,0.02824,0.00131,138.10632,0.00014,0.00037,0.00125,5.00E-05,2.09079
6/6/17 7:21,-158,36.99983,11,25,synecho,0.04044,0.38975,0.06329,0.07533,84.22256,0.00032,0.00138,0.0013,0.00143,1.36645
6/6/17 7:21,-158,36.99983,11,25,bacteria,0.00191,0.04063,0.01968,0.0176,687.51755,1.00E-05,0.00161,0.00032,6.00E-04,10.92529
6/6/17 7:21,-158,36.99983,11,45,picoeuk,0.64227,3.07537,0.30815,0.0027,8.67827,0.01975,0.09687,0.0106,0.00105,0.32599
6/6/17 7:21,-158,36.99983,11,45,prochloro,0.01793,0.10673,0.05177,0.00129,172.30646,0.00013,0.00203,0.00038,3.00E-05,4.00672
6/6/17 7:21,-158,36.99983,11,45,synecho,0.04931,1.39868,0.06527,0.29979,44.9946,0.00072,0.01971,0.00051,0.00433,0.45348
6/6/17 7:21,-158,36.99983,11,45,bacteria,0.00221,0.0474,0.02016,0.0219,603.34635,4.00E-05,9.00E-05,0.00038,0.00024,19.13759
6/6/17 7:21,-158,36.99983,11,50,picoeuk,0.66787,3.60207,0.32296,0.00252,8.395,0.01828,0.132,0.0183,4.00E-04,0.62211
6/6/17 7:21,-158,36.99983,11,50,prochloro,0.01778,0.12778,0.05452,0.00127,167.20146,8.00E-05,0.00037,0.00032,3.00E-05,1.65456
6/6/17 7:21,-158,36.99983,11,50,synecho,0.05302,1.63632,0.06193,0.37371,31.20066,0.00019,0.0277,0.00041,0.00642,0.87092
6/6/17 7:21,-158,36.99983,11,50,bacteria,0.00211,0.04585,0.01968,0.02072,545.50973,2.00E-05,0.00032,0.00023,0.00022,15.02388
6/6/17 7:21,-158,36.99983,11,90,picoeuk,1.21215,13.50708,0.49203,0.00672,1.75344,0.03171,0.5141,0.01501,0.00116,0.18825
6/6/17 7:21,-158,36.99983,11,90,prochloro,0.06205,0.6948,0.14883,0.0015,5.16021,0.00124,0.01461,0.00143,4.00E-05,0.09369
6/6/17 7:21,-158,36.99983,11,90,synecho,0.14418,4.19763,0.0883,1.0643,0.66976,0.00936,0.25984,0.00807,0.05665,0.00823
6/6/17 7:21,-158,36.99983,11,90,bacteria,0.00155,0.03858,0.01926,0.01514,258.8985,3.00E-05,0.00085,0.00017,0.00039,3.24172
6/6/17 7:21,-158,36.99983,11,120,picoeuk,1.47033,19.54033,0.60198,0.00691,0.42,0.05413,2.91927,0.03247,0.00266,0.01851
6/6/17 7:21,-158,36.99983,11,120,prochloro,0.07628,0.88512,0.20567,0.00169,0.58971,5.00E-04,0.07262,0.01073,1.00E-04,0.06224
6/6/17 7:21,-158,36.99983,11,120,synecho,0.06978,1.29809,0.07847,0.28879,0.21294,0.01353,0.25186,0.00924,0.05434,0.06819
6/6/17 7:21,-158,36.99983,11,120,bacteria,0.00165,0.03713,0.01966,0.01562,213.06269,1.00E-05,0.00027,0.00038,0.00014,12.10475
6/7/17 6:33,-158,36,12,15,picoeuk,0.16551,0.7722,0.15252,0.00306,8.32566,0.00491,0.04535,0.00569,0.00087,0.22126
6/7/17 6:33,-158,36,12,15,prochloro,0.01087,0.03738,0.03425,0.00128,12.54771,0.00048,0.00174,0.00056,5.00E-05,0.0878
6/7/17 6:33,-158,36,12,15,synecho,0.05803,0.56847,0.0621,0.11793,17.51017,0.00115,0.03687,0.00106,0.00275,0.21753
6/7/17 6:33,-158,36,12,15,bacteria,0.00192,0.04361,0.02082,0.01778,658.91375,2.00E-05,0.00051,3.00E-05,2.00E-04,18.0202
6/7/17 6:33,-158,36,12,25,picoeuk,0.17717,0.85109,0.14535,0.00249,10.8964,0.00653,0.03047,0.00738,0.00093,0.22679
6/7/17 6:33,-158,36,12,25,prochloro,0.0117,0.04732,0.03615,0.00129,30.84833,0.00012,0.00039,0.00039,6.00E-05,1.3203
6/7/17 6:33,-158,36,12,25,synecho,0.04872,0.64395,0.05995,0.13006,42.99811,0.00015,0.01828,0.00068,0.00347,0.8117
6/7/17 6:33,-158,36,12,25,bacteria,0.00185,0.03876,0.01948,0.01694,722.44706,3.00E-05,0.00054,0.00042,0.00016,44.22355
6/7/17 6:33,-158,36,12,45,picoeuk,0.72662,5.18572,0.3425,0.00291,7.23505,0.01703,0.1981,0.01251,0.00101,0.36441
6/7/17 6:33,-158,36,12,45,prochloro,0.02802,0.1996,0.06764,0.00129,99.38041,0.00038,0.00849,0.00135,4.00E-05,0.99541
6/7/17 6:33,-158,36,12,45,synecho,0.07827,2.01803,0.07194,0.51407,17.44588,0.00134,0.05763,0.00176,0.01505,0.24139
6/7/17 6:33,-158,36,12,45,bacteria,0.00207,0.04594,0.02023,0.02086,516.51182,5.00E-05,0.00025,0.00043,4.00E-05,16.87581
6/7/17 6:33,-158,36,12,55,picoeuk,0.90126,7.679,0.39252,0.00327,5.77189,0.0091,0.30699,0.00599,0.00043,0.27638
6/7/17 6:33,-158,36,12,55,prochloro,0.03582,0.35105,0.08515,0.00131,68.33473,0.00045,0.00397,0.00144,3.00E-05,0.51335
6/7/17 6:33,-158,36,12,55,synecho,0.10068,2.71226,0.07302,0.74398,8.57364,0.0013,0.073,0.00123,0.01196,0.12686
6/7/17 6:33,-158,36,12,55,bacteria,0.00175,0.04005,0.01906,0.01775,470.06343,1.00E-05,0.00096,0.00025,2.00E-04,7.63168
6/7/17 6:33,-158,36,12,90,picoeuk,1.1304,12.26047,0.4721,0.00375,1.82195,0.00854,0.42065,0.02115,0.00046,0.09452
6/7/17 6:33,-158,36,12,90,prochloro,0.04648,0.54179,0.13076,0.00138,5.33338,0.00117,0.01352,0.00265,2.00E-05,0.19632
6/7/17 6:33,-158,36,12,90,synecho,0.13658,4.43877,0.08912,1.06287,1.18464,0.00404,0.09491,0.0011,0.02965,0.07512
6/7/17 6:33,-158,36,12,90,bacteria,0.00164,0.03659,0.0193,0.01432,274.61274,2.00E-05,0.00098,0.00014,0.00034,16.01085
6/7/17 6:33,-158,36,12,120,picoeuk,1.44078,21.89239,0.52138,0.005,0.47753,0.02049,0.77912,0.01443,0.00157,0.02239
6/7/17 6:33,-158,36,12,120,prochloro,0.08006,0.98028,0.22095,0.00168,1.22505,0.00755,0.07676,0.00915,6.00E-05,0.09056
6/7/17 6:33,-158,36,12,120,synecho,0.0849,1.02546,0.07832,0.2601,0.09588,0.00969,0.22235,0.00765,0.0675,0.01669
6/7/17 6:33,-158,36,12,120,bacteria,0.00164,0.03568,0.01889,0.01461,194.98183,2.00E-05,0.00066,1.00E-04,0.00017,6.33212
6/8/17 13:18,-158,34.5,14,15,picoeuk,0.55468,1.1362,0.29658,0.00679,3.35183,0.10069,0.20957,0.05425,0.00328,0.11031
6/8/17 13:18,-158,34.5,14,15,prochloro,0.01307,0.01946,0.031,0.00131,111.30956,6.00E-05,0.00013,0.00011,8.00E-05,6.50517
6/8/17 13:18,-158,34.5,14,15,synecho,0.07079,0.11726,0.08169,0.01599,15.46637,0.00021,0.00503,0.00068,0.00054,0.31598
6/8/17 13:18,-158,34.5,14,15,bacteria,0.00182,0.03956,0.01987,0.0157,571.00981,1.00E-05,0.00322,0.00018,0.00077,7.24262
6/8/17 13:18,-158,34.5,14,25,picoeuk,0.65149,1.33653,0.31945,0.00981,3.09954,0.0089,0.05992,0.01995,0.00437,0.14424
6/8/17 13:18,-158,34.5,14,25,prochloro,0.01313,0.0208,0.03073,0.00144,115.04395,0.00029,0.00054,0.00057,0.00016,5.08565
6/8/17 13:18,-158,34.5,14,25,synecho,0.06961,0.11966,0.08478,0.01549,15.94812,6.00E-04,0.00888,0.00591,0.00139,1.93094
6/8/17 13:18,-158,34.5,14,25,bacteria,0.00184,0.04062,0.0205,0.01652,553.23443,3.00E-05,0.00049,5.00E-05,0.00015,4.17889
6/8/17 13:18,-158,34.5,14,45,picoeuk,0.92542,1.85095,0.4885,0.0064,2.06113,0.13451,0.31734,0.06039,0.00217,0.25043
6/8/17 13:18,-158,34.5,14,45,prochloro,0.00618,0.01388,0.02135,0.00126,173.22453,5.00E-05,0.00043,0.00016,0,9.57611
6/8/17 13:18,-158,34.5,14,45,synecho,0.07029,0.11102,0.07308,0.0136,5.58691,0.00116,0.00538,5.00E-04,0.00083,0.37092
6/8/17 13:18,-158,34.5,14,45,bacteria,0.00214,0.04158,0.01934,0.01758,402.00342,2.00E-05,0.00428,0.00044,0.00126,11.15057
6/8/17 13:18,-158,34.5,14,60,picoeuk,1.17365,2.7434,0.43112,0.01028,2.22186,0.08818,0.11972,0.03403,0.00173,0.17964
6/8/17 13:18,-158,34.5,14,60,prochloro,0.00789,0.03123,0.02509,0.00124,159.87852,5.00E-05,0.00026,0.00013,3.00E-05,1.34031
6/8/17 13:18,-158,34.5,14,60,synecho,0.05958,0.32356,0.07143,0.0661,12.81337,0.00021,0.00287,0.00093,0.0011,0.35776
6/8/17 13:18,-158,34.5,14,60,bacteria,0.00209,0.04357,0.01914,0.0168,422.21779,3.00E-05,0.00212,0.00032,0.00116,42.48158
6/8/17 13:18,-158,34.5,14,80,picoeuk,0.78927,4.26445,0.37902,0.0036,8.72913,0.00695,0.07207,0.0073,0.00064,0.2238
6/8/17 13:18,-158,34.5,14,80,prochloro,0.02393,0.14024,0.05402,0.00127,207.73946,7.00E-05,0.00092,0.00033,5.00E-05,3.25965
6/8/17 13:18,-158,34.5,14,80,synecho,0.06017,1.77364,0.08282,0.4116,18.06887,0.00059,0.02344,0.00205,0.00663,0.2879
6/8/17 13:18,-158,34.5,14,80,bacteria,0.00221,0.04903,0.02192,0.01986,486.69677,5.00E-05,0.00109,1.00E-05,0.00062,25.83753
6/8/17 13:18,-158,34.5,14,120,picoeuk,1.1641,13.85408,0.45279,0.00269,1.54473,0.0217,1.10914,0.01182,1.00E-04,0.14753
6/8/17 13:18,-158,34.5,14,120,prochloro,0.06302,0.76869,0.17124,0.00155,10.02714,0.00019,0.0142,0.00166,1.00E-05,0.14624
6/8/17 13:18,-158,34.5,14,120,synecho,0.16992,5.30489,0.10037,1.29886,0.19073,0.00855,0.29854,0.01231,0.08687,0.0133
6/8/17 13:18,-158,34.5,14,120,bacteria,0.00161,0.03629,0.01897,0.01449,234.90557,4.00E-05,0.00017,0.00028,0.00015,6.01241
6/9/17 6:31,-158,34.00017,15,15,picoeuk,0.96314,2.12551,0.42266,0.02156,2.87372,0.11658,0.26129,0.03998,0.00801,0.2585
6/9/17 6:31,-158,34.00017,15,15,prochloro,0.00839,0.04346,0.03053,0.00148,47.62998,0.00214,0.02129,0.0062,0.00029,48.02724
6/9/17 6:31,-158,34.00017,15,15,synecho,0.05179,0.22855,0.06961,0.04643,16.65925,0.00251,0.01761,0.00113,0.00138,0.42685
6/9/17 6:31,-158,34.00017,15,15,bacteria,0.00172,0.03427,0.01922,0.01295,732.85573,2.00E-05,0.00074,0.00019,0.00057,26.89969
6/9/17 6:31,-158,34.00017,15,25,picoeuk,0.96128,2.15853,0.43602,0.01336,2.50501,0.03944,0.06488,0.03016,0.00359,0.04178
6/9/17 6:31,-158,34.00017,15,25,prochloro,0.00478,0.01967,0.01988,0.00135,127.70168,5.00E-05,0.00083,0.00032,0,6.20838
6/9/17 6:31,-158,34.00017,15,25,synecho,0.05066,0.1648,0.0718,0.02742,7.57601,0.00077,0.00551,0.00353,0.00059,0.19316
6/9/17 6:31,-158,34.00017,15,25,bacteria,0.00179,0.03796,0.01816,0.01489,583.43881,1.00E-04,0.0014,5.00E-04,0.00059,36.66619
6/9/17 6:31,-158,34.00017,15,45,picoeuk,1.02058,2.82195,0.43649,0.0076,4.75568,0.01115,0.12323,0.00568,0.00217,0.12936
6/9/17 6:31,-158,34.00017,15,45,prochloro,0.00948,0.05153,0.03348,0.00127,105.02341,0.00011,0.00138,5.00E-04,0,0.59415
6/9/17 6:31,-158,34.00017,15,45,synecho,0.0393,0.62824,0.06969,0.15021,20.34091,0.00052,0.01364,0.00189,0.0031,0.18324
6/9/17 6:31,-158,34.00017,15,45,bacteria,0.00209,0.0408,0.01983,0.01641,427.18405,0.00012,9.00E-04,0.00062,0.00093,46.86767
6/9/17 6:31,-158,34.00017,15,56,picoeuk,0.85308,5.05144,0.47005,0.0148,6.62391,0.0147,0.12424,0.01599,0.00848,0.13505
6/9/17 6:31,-158,34.00017,15,56,prochloro,0.01514,0.10351,0.04818,0.00168,150.60987,0.00043,0.00109,0.00114,0.00055,2.45208
6/9/17 6:31,-158,34.00017,15,56,synecho,0.0482,1.39187,0.06808,0.30314,20.0756,0.00045,0.03743,0.00158,0.00809,0.32574
6/9/17 6:31,-158,34.00017,15,56,bacteria,0.0024,0.04637,0.02223,0.01806,454.80167,0.00026,0.00168,0.00085,1.00E-04,12.63259
6/9/17 6:31,-158,34.00017,15,120,picoeuk,1.4195,20.97682,0.55275,0.01114,0.62054,0.02259,1.84087,0.02787,0.00753,0.10566
6/9/17 6:31,-158,34.00017,15,120,prochloro,0.0729,0.85114,0.21743,0.00184,2.14966,0.00104,0.04451,0.00569,0.00018,0.10974
6/9/17 6:31,-158,34.00017,15,120,synecho,0.11304,2.03186,0.09189,0.6384,0.15614,0.04202,0.98693,0.00333,0.38837,0.06241
6/9/17 6:31,-158,34.00017,15,120,bacteria,0.00165,0.03573,0.01893,0.01446,187.89809,7.00E-05,0.00126,0.00015,0.00057,5.02252
6/9/17 19:02,-158,32.92883,16,15,picoeuk,1.43678,2.32638,0.59309,0.01382,1.7252,0.20675,0.3026,0.05699,0.00393,0.02781
6/9/17 19:02,-158,32.92883,16,15,prochloro,0.00933,0.0152,0.02825,0.00128,38.85228,0.00084,0.00161,0.00108,3.00E-05,3.20873
6/9/17 19:02,-158,32.92883,16,15,synecho,0.09388,0.13121,0.07547,0.01938,2.01554,0.00756,0.00812,0.00186,0.00194,0.15873
6/9/17 19:02,-158,32.92883,16,15,bacteria,0.00168,0.04039,0.02024,0.01565,429.60669,1.00E-05,0.00203,9.00E-05,0.00024,6.90325
6/9/17 19:02,-158,32.92883,16,30,picoeuk,1.66551,3.42407,0.81038,0.02108,1.51715,0.07197,0.54468,0.07925,0.01581,0.17475
6/9/17 19:02,-158,32.92883,16,30,prochloro,0.00537,0.00909,0.02324,0.00138,105.20448,2.00E-04,0.00072,0.00166,0.00015,23.11229
6/9/17 19:02,-158,32.92883,16,30,synecho,0.11251,0.17936,0.07792,0.02966,1.75265,0.00938,0.00501,0.02668,0.00428,0.1095
6/9/17 19:02,-158,32.92883,16,30,bacteria,0.00162,0.03934,0.01911,0.01587,352.74389,1.00E-05,0.00095,0.00034,0.00014,11.16599
6/9/17 19:02,-158,32.92883,16,45,picoeuk,0.88651,2.95547,0.50152,0.00399,1.80094,0.43529,0.53297,0.07747,0.00305,0.16427
6/9/17 19:02,-158,32.92883,16,45,prochloro,0.00446,0.01616,0.01498,0.00127,96.83429,0.00144,0.00098,0.00622,0,15.14866
6/9/17 19:02,-158,32.92883,16,45,synecho,0.08515,0.25772,0.06587,0.05995,2.25458,0.00708,0.03532,0.00201,0.02088,0.50223
6/9/17 19:02,-158,32.92883,16,45,bacteria,0.00187,0.04167,0.0161,0.01846,327.44172,0.00012,0.00656,0.00459,0.00436,258.73864
6/9/17 19:02,-158,32.92883,16,60,picoeuk,1.4184,3.91254,0.55207,0.00817,2.0589,0.07746,0.54098,0.03288,0.00075,0.14145
6/9/17 19:02,-158,32.92883,16,60,prochloro,0.00589,0.0237,0.02162,0.00124,138.5955,0.00013,0.00065,0.00014,2.00E-05,0.91847
6/9/17 19:02,-158,32.92883,16,60,synecho,0.08818,0.29554,0.06445,0.0542,3.876,0.00459,0.0092,0.00282,0.00014,0.17718
6/9/17 19:02,-158,32.92883,16,60,bacteria,0.00178,0.04063,0.01846,0.01641,485.94804,6.00E-05,0.00299,0.00034,0.00072,1.93408
6/9/17 19:02,-158,32.92883,16,95,picoeuk,0.90618,8.82651,0.4756,0.00385,6.97675,0.01831,0.24241,0.00732,0.00116,0.16709
6/9/17 19:02,-158,32.92883,16,95,prochloro,0.03317,0.36251,0.09397,0.00133,176.89703,0.00044,0.00275,0.00061,4.00E-05,2.71923
6/9/17 19:02,-158,32.92883,16,95,synecho,0.0909,2.91419,0.08365,0.72373,6.00949,0.00166,0.00085,0.00134,0.02079,0.20225
6/9/17 19:02,-158,32.92883,16,95,bacteria,0.00187,0.04548,0.02069,0.01888,530.1971,1.00E-05,0.00108,0.00012,4.00E-04,18.3577
6/9/17 19:02,-158,32.92883,16,120,picoeuk,1.12877,10.81915,0.45931,0.00318,2.16308,0.0106,0.47607,0.00955,0.00113,0.17632
6/9/17 19:02,-158,32.92883,16,120,prochloro,0.06609,0.73692,0.16221,0.00161,16.86512,0.00075,0.00672,0.00259,8.00E-05,0.32224
6/9/17 19:02,-158,32.92883,16,120,synecho,0.1697,4.38299,0.0993,1.22569,0.25893,0.00862,0.05884,0.00619,0.03561,0.03948
6/9/17 19:02,-158,32.92883,16,120,bacteria,0.00163,0.03458,0.01881,0.01431,242.91261,5.00E-05,0.00032,4.00E-04,0.00017,11.21426
6/10/17 6:29,-158,32.00017,17,15,picoeuk,1.11648,2.6279,0.41655,0.02273,2.33532,0.02854,0.11313,0.0236,0.02228,0.07501
6/10/17 6:29,-158,32.00017,17,15,prochloro,0.00461,0.01694,0.01881,0.00162,157.18297,2.00E-04,0.00155,0.00042,7.00E-04,13.97599
6/10/17 6:29,-158,32.00017,17,15,synecho,0.0387,0.20712,0.10566,0.0435,3.76131,0.00075,0.00668,0.00452,0.00063,0.24573
6/10/17 6:29,-158,32.00017,17,15,bacteria,0.00207,0.04579,0.0197,0.01777,341.81406,3.00E-05,0.0014,9.00E-05,0.00059,5.89903
6/10/17 6:29,-158,32.00017,17,25,picoeuk,1.08951,2.56739,0.3937,0.01295,2.2362,0.10805,0.30277,0.03398,0.01001,0.08171
6/10/17 6:29,-158,32.00017,17,25,prochloro,0.00428,0.01746,0.01848,0.00133,166.72719,6.00E-05,0.00096,0.00083,2.00E-05,6.85593
6/10/17 6:29,-158,32.00017,17,25,synecho,0.03668,0.23213,0.10906,0.04827,3.26272,0.00089,0.00898,0.0017,0.00162,0.14024
6/10/17 6:29,-158,32.00017,17,25,bacteria,0.00224,0.045,0.0206,0.01904,321.35444,4.00E-05,0.00279,0.00038,0.0018,11.17356
6/10/17 6:29,-158,32.00017,17,45,picoeuk,1.18926,3.39979,0.47079,0.0065,1.82171,0.0285,0.27257,0.00793,0.00038,0.17706
6/10/17 6:29,-158,32.00017,17,45,prochloro,0.00416,0.02369,0.01867,0.00127,231.04359,2.00E-05,0.00018,0.00026,0,2.36163
6/10/17 6:29,-158,32.00017,17,45,synecho,0.06021,0.45234,0.0816,0.10565,1.95984,0.00199,0.01792,0.00596,0.00581,0.02899
6/10/17 6:29,-158,32.00017,17,45,bacteria,0.00231,0.04867,0.01945,0.02122,389.51676,5.00E-05,0.00136,0.00021,0.00085,13.63589
6/10/17 6:29,-158,32.00017,17,60,picoeuk,0.94092,5.10824,0.43763,0.00779,2.0458,0.05504,0.47941,0.01794,0.00068,0.04641
6/10/17 6:29,-158,32.00017,17,60,prochloro,0.00814,0.07302,0.03457,0.00124,176.98449,0.00015,0.00094,0.00066,1.00E-05,0.35184
6/10/17 6:29,-158,32.00017,17,60,synecho,0.07746,1.4158,0.07125,0.33118,2.68643,0.00119,0.07086,0.0011,0.00791,0.04398
6/10/17 6:29,-158,32.00017,17,60,bacteria,0.00193,0.04522,0.02121,0.01747,377.09401,0.00011,0.00264,0.00026,0.00044,16.00554
6/10/17 6:29,-158,32.00017,17,91,picoeuk,0.79385,8.21232,0.43182,0.0049,5.41947,0.00933,0.23586,0.0061,0.00071,0.22735
6/10/17 6:29,-158,32.00017,17,91,prochloro,0.02372,0.28645,0.08565,0.00134,106.96332,0.00025,0.00603,3.00E-04,3.00E-05,1.02799
6/10/17 6:29,-158,32.00017,17,91,synecho,0.08538,2.46543,0.08854,0.66227,0.53175,0.00571,0.04488,0.00301,0.02979,0.04442
6/10/17 6:29,-158,32.00017,17,91,bacteria,0.00143,0.03998,0.01858,0.01548,413.54956,0.00014,0.00299,0.00148,0.00137,41.40519
6/10/17 6:29,-158,32.00017,17,120,picoeuk,1.21285,15.26054,0.49621,0.0058,1.82073,0.00777,0.50331,0.02096,0.00171,0.10453
6/10/17 6:29,-158,32.00017,17,120,prochloro,0.04756,0.58321,0.15906,0.00157,30.40039,0.00044,0.02954,0.00147,1.00E-05,0.60304
6/10/17 6:29,-158,32.00017,17,120,synecho,0.15965,4.0996,0.09175,1.11818,0.0505,0.01616,0.44697,0.00347,0.208,0.02859
6/10/17 6:29,-158,32.00017,17,120,bacteria,0.00138,0.03577,0.01879,0.01421,191.41873,0.00012,0.00259,0.00151,0.00131,21.65306
6/11/17 6:31,-158.00167,29.582,18,15,picoeuk,1.15393,2.56262,0.46779,0.00769,1.87071,0.04808,0.07243,0.02242,0.00313,0.04803
6/11/17 6:31,-158.00167,29.582,18,15,prochloro,0.00484,0.02059,0.02155,0.00124,180.61151,0.00014,0.00042,4.00E-04,1.00E-05,4.70689
6/11/17 6:31,-158.00167,29.582,18,15,synecho,0.04115,0.23504,0.10956,0.04583,3.24243,0.00023,0.00417,0.0029,0.00122,0.07388
6/11/17 6:31,-158.00167,29.582,18,15,bacteria,0.00234,0.04741,0.02089,0.01901,336.98543,0.00012,0.00144,0.00011,0.00014,7.86143
6/11/17 6:31,-158.00167,29.582,18,25,picoeuk,1.11487,2.63616,0.43183,0.01175,1.46187,0.02731,0.07452,0.03903,0.00329,0.25579
6/11/17 6:31,-158.00167,29.582,18,25,prochloro,0.00337,0.01452,0.01662,0.00132,199.48658,0.00017,0.00052,0.00125,5.00E-05,9.24042
6/11/17 6:31,-158.00167,29.582,18,25,synecho,0.03666,0.17356,0.11197,0.03752,2.99687,0.00066,0.0061,0.00184,0.00125,0.1322
6/11/17 6:31,-158.00167,29.582,18,25,bacteria,0.00213,0.04577,0.019,0.02073,350.86738,2.00E-05,0.0012,8.00E-05,0.00061,9.14881
6/11/17 6:31,-158.00167,29.582,18,45,picoeuk,1.06917,2.98859,0.45595,0.02396,1.65308,0.03058,0.17756,0.01873,0.02409,0.11508
6/11/17 6:31,-158.00167,29.582,18,45,prochloro,0.00358,0.02049,0.01707,0.00168,239.24747,7.00E-05,0.00177,0.00029,0.00072,23.9413
6/11/17 6:31,-158.00167,29.582,18,45,synecho,0.04219,0.29583,0.10932,0.06548,2.43193,0.00017,0.00494,0.00192,0.00147,0.22733
6/11/17 6:31,-158.00167,29.582,18,45,bacteria,0.00225,0.04803,0.01877,0.0214,319.79534,3.00E-05,0.00322,0.00014,0.00159,10.88437
6/11/17 6:31,-158.00167,29.582,18,75,picoeuk,0.58696,4.47065,0.33253,0.00909,5.12782,0.01124,0.09234,0.0066,0.01004,0.22407
6/11/17 6:31,-158.00167,29.582,18,75,prochloro,0.01346,0.12347,0.0504,0.00185,161.71654,0.00016,0.00186,0.00022,0.00104,2.32801
6/11/17 6:31,-158.00167,29.582,18,75,synecho,0.08706,2.06552,0.07588,0.52822,1.32995,0.00534,0.01374,0.00217,0.02497,0.00418
6/11/17 6:31,-158.00167,29.582,18,75,bacteria,0.00171,0.0399,0.021,0.01543,383.33147,6.00E-05,0.00153,0.00026,0.00061,25.0003
6/11/17 6:31,-158.00167,29.582,18,95,picoeuk,0.74024,8.5315,0.38289,0.00464,4.77768,0.00549,0.26388,0.01209,0.00218,0.24812
6/11/17 6:31,-158.00167,29.582,18,95,prochloro,0.02536,0.34,0.09084,0.00136,94.57369,0.00011,0.00193,0.00374,9.00E-05,2.57281
6/11/17 6:31,-158.00167,29.582,18,95,synecho,0.21108,5.15303,0.1062,1.14693,0.06632,0.00617,1.02901,0.01687,0.12816,0.0205
6/11/17 6:31,-158.00167,29.582,18,95,bacteria,0.00123,0.03396,0.01654,0.01271,259.80012,2.00E-05,0.00099,0.00026,0.00031,14.56882
6/11/17 6:31,-158.00167,29.582,18,120,picoeuk,1.25319,17.69979,0.50468,0.00377,1.38503,0.07127,0.6004,0.0113,0.00043,0.05465
6/11/17 6:31,-158.00167,29.582,18,120,prochloro,0.04503,0.62149,0.16969,0.0015,39.65102,0.00055,0.00751,0.0012,1.00E-05,0.84638
6/11/17 6:31,-158.00167,29.582,18,120,synecho,0.21986,3.63796,0.13143,1.09988,0.0156,0.05196,1.97946,0.05869,0.40682,0.0033
6/11/17 6:31,-158.00167,29.582,18,120,bacteria,0.00137,0.03452,0.01825,0.01309,137.68352,2.00E-05,0.00119,0.00015,0.00044,0.71818