file,n.opp,n.evt,n.evt.,beads,pro,syn,pico,origin,offset.small.D1,offset.large.D1,offset.small.D2,offset.large.D2,width,corr
2013_088/251.evt,20838,1324416,1262477,6,16105,2070,747,0,0,-57738,0,-58154,2500,5507.5
2013_088/251.evt,21401,1324416,1262477,6,16110,2249,1004,0,0,-22231,0,-22646,2500,-30000
2013_088/251.evt,21252,1324416,1262477,6,16107,2179,960,0,0,-24731,0,-25146,2500,-27500
2013_088/251.evt,21134,1324416,1262477,6,16105,2127,922,0,0,-27231,0,-27646,2500,-25000
2013_088/251.evt,21040,1324416,1262477,6,16105,2087,883,0,0,-29731,0,-30146,2500,-22500
2013_088/251.evt,20986,1324416,1262477,6,16105,2076,854,0,0,-32231,0,-32646,2500,-20000
2013_088/251.evt,20946,1324416,1262477,6,16105,2071,832,0,0,-34731,0,-35146,2500,-17500
2013_088/251.evt,20915,1324416,1262477,6,16105,2070,809,0,0,-37231,0,-37646,2500,-15000
2013_088/251.evt,20887,1324416,1262477,6,16105,2070,789,0,0,-39731,0,-40146,2500,-12500
2013_088/251.evt,20868,1324416,1262477,6,16105,2070,770,0,0,-42231,0,-42646,2500,-10000
2013_088/251.evt,20853,1324416,1262477,6,16105,2070,758,0,0,-44731,0,-45146,2500,-7500
2013_088/251.evt,20843,1324416,1262477,6,16105,2070,751,0,0,-47231,0,-47646,2500,-5000
2013_088/251.evt,20840,1324416,1262477,6,16105,2070,748,0,0,-49731,0,-50146,2500,-2500
2013_088/251.evt,20839,1324416,1262477,6,16105,2070,747,0,0,-52231,0,-52646,2500,0
2013_088/251.evt,20838,1324416,1262477,6,16105,2070,747,0,0,-54731,0,-55146,2500,2500
2013_088/251.evt,20838,1324416,1262477,6,16105,2070,747,0,0,-57231,0,-57646,2500,5000
2013_088/251.evt,20836,1324416,1262477,6,16105,2070,746,0,0,-59731,0,-60146,2500,7500
2013_088/251.evt,20835,1324416,1262477,6,16105,2070,745,0,0,-62231,0,-62646,2500,10000
2013_090/238.evt,20060,1323776,1238339,8,15626,670,570,0,0,-57738,0,-58154,2500,5507.5
2013_090/238.evt,20356,1323776,1238339,8,15626,698,765,0,0,-22231,0,-22646,2500,-30000
2013_090/238.evt,20278,1323776,1238339,8,15626,683,720,0,0,-24731,0,-25146,2500,-27500
2013_090/238.evt,20227,1323776,1238339,8,15626,674,695,0,0,-27231,0,-27646,2500,-25000
2013_090/238.evt,20188,1323776,1238339,8,15626,671,672,0,0,-29731,0,-30146,2500,-22500
2013_090/238.evt,20152,1323776,1238339,8,15626,670,646,0,0,-32231,0,-32646,2500,-20000
2013_090/238.evt,20124,1323776,1238339,8,15626,670,623,0,0,-34731,0,-35146,2500,-17500
2013_090/238.evt,20102,1323776,1238339,8,15626,670,608,0,0,-37231,0,-37646,2500,-15000
2013_090/238.evt,20089,1323776,1238339,8,15626,670,595,0,0,-39731,0,-40146,2500,-12500
2013_090/238.evt,20080,1323776,1238339,8,15626,670,586,0,0,-42231,0,-42646,2500,-10000
2013_090/238.evt,20072,1323776,1238339,8,15626,670,579,0,0,-44731,0,-45146,2500,-7500
2013_090/238.evt,20070,1323776,1238339,8,15626,670,577,0,0,-47231,0,-47646,2500,-5000
2013_090/238.evt,20069,1323776,1238339,8,15626,670,576,0,0,-49731,0,-50146,2500,-2500
2013_090/238.evt,20065,1323776,1238339,8,15626,670,572,0,0,-52231,0,-52646,2500,0
2013_090/238.evt,20062,1323776,1238339,8,15626,670,571,0,0,-54731,0,-55146,2500,2500
2013_090/238.evt,20060,1323776,1238339,8,15626,670,570,0,0,-57231,0,-57646,2500,5000
2013_090/238.evt,20057,1323776,1238339,8,15626,670,568,0,0,-59731,0,-60146,2500,7500
2013_090/238.evt,20057,1323776,1238339,8,15626,670,568,0,0,-62231,0,-62646,2500,10000
2013_091/270.evt,21732,1349376,1241312,6,18342,361,431,0,0,-57738,0,-58154,2500,5507.5
2013_091/270.evt,22031,1349376,1241312,6,18342,377,628,0,0,-22231,0,-22646,2500,-30000
2013_091/270.evt,21968,1349376,1241312,6,18342,369,592,0,0,-24731,0,-25146,2500,-27500
2013_091/270.evt,21920,1349376,1241312,6,18342,365,569,0,0,-27231,0,-27646,2500,-25000
2013_091/270.evt,21882,1349376,1241312,6,18342,362,545,0,0,-29731,0,-30146,2500,-22500
2013_091/270.evt,21838,1349376,1241312,6,18342,362,512,0,0,-32231,0,-32646,2500,-20000
2013_091/270.evt,21811,1349376,1241312,6,18342,361,490,0,0,-34731,0,-35146,2500,-17500
2013_091/270.evt,21794,1349376,1241312,6,18342,361,477,0,0,-37231,0,-37646,2500,-15000
2013_091/270.evt,21770,1349376,1241312,6,18342,361,461,0,0,-39731,0,-40146,2500,-12500
2013_091/270.evt,21761,1349376,1241312,6,18342,361,454,0,0,-42231,0,-42646,2500,-10000
2013_091/270.evt,21747,1349376,1241312,6,18342,361,443,0,0,-44731,0,-45146,2500,-7500
2013_091/270.evt,21741,1349376,1241312,6,18342,361,438,0,0,-47231,0,-47646,2500,-5000
2013_091/270.evt,21738,1349376,1241312,6,18342,361,437,0,0,-49731,0,-50146,2500,-2500
2013_091/270.evt,21733,1349376,1241312,6,18342,361,432,0,0,-52231,0,-52646,2500,0
2013_091/270.evt,21733,1349376,1241312,6,18342,361,432,0,0,-54731,0,-55146,2500,2500
2013_091/270.evt,21732,1349376,1241312,6,18342,361,431,0,0,-57231,0,-57646,2500,5000
2013_091/270.evt,21732,1349376,1241312,6,18342,361,431,0,0,-59731,0,-60146,2500,7500
2013_091/270.evt,21731,1349376,1241312,6,18342,361,430,0,0,-62231,0,-62646,2500,10000
2013_092/418.evt,25096,1798912,1684030,9,23003,227,215,0,0,-57738,0,-58154,2500,5507.5
2013_092/418.evt,25399,1798912,1684030,9,23005,258,379,0,0,-22231,0,-22646,2500,-30000
2013_092/418.evt,25321,1798912,1684030,9,23003,244,340,0,0,-24731,0,-25146,2500,-27500
2013_092/418.evt,25258,1798912,1684030,9,23003,237,312,0,0,-27231,0,-27646,2500,-25000
2013_092/418.evt,25223,1798912,1684030,9,23003,232,292,0,0,-29731,0,-30146,2500,-22500
2013_092/418.evt,25187,1798912,1684030,9,23003,228,276,0,0,-32231,0,-32646,2500,-20000
2013_092/418.evt,25160,1798912,1684030,9,23003,227,262,0,0,-34731,0,-35146,2500,-17500
2013_092/418.evt,25146,1798912,1684030,9,23003,227,253,0,0,-37231,0,-37646,2500,-15000
2013_092/418.evt,25128,1798912,1684030,9,23003,227,239,0,0,-39731,0,-40146,2500,-12500
2013_092/418.evt,25123,1798912,1684030,9,23003,227,234,0,0,-42231,0,-42646,2500,-10000
2013_092/418.evt,25113,1798912,1684030,9,23003,227,229,0,0,-44731,0,-45146,2500,-7500
2013_092/418.evt,25103,1798912,1684030,9,23003,227,221,0,0,-47231,0,-47646,2500,-5000
2013_092/418.evt,25101,1798912,1684030,9,23003,227,219,0,0,-49731,0,-50146,2500,-2500
2013_092/418.evt,25099,1798912,1684030,9,23003,227,217,0,0,-52231,0,-52646,2500,0
2013_092/418.evt,25098,1798912,1684030,9,23003,227,216,0,0,-54731,0,-55146,2500,2500
2013_092/418.evt,25096,1798912,1684030,9,23003,227,215,0,0,-57231,0,-57646,2500,5000
2013_092/418.evt,25096,1798912,1684030,9,23003,227,215,0,0,-59731,0,-60146,2500,7500
2013_092/418.evt,25096,1798912,1684030,9,23003,227,215,0,0,-62231,0,-62646,2500,10000
2013_094/321.evt,10191,1513600,1398317,4,1,10,290,0,0,-57738,0,-58154,2500,5507.5
2013_094/321.evt,10389,1513600,1398317,5,1,10,389,0,0,-22231,0,-22646,2500,-30000
2013_094/321.evt,10337,1513600,1398317,5,1,10,364,0,0,-24731,0,-25146,2500,-27500
2013_094/321.evt,10306,1513600,1398317,5,1,10,351,0,0,-27231,0,-27646,2500,-25000
2013_094/321.evt,10271,1513600,1398317,5,1,10,338,0,0,-29731,0,-30146,2500,-22500
2013_094/321.evt,10249,1513600,1398317,5,1,10,327,0,0,-32231,0,-32646,2500,-20000
2013_094/321.evt,10233,1513600,1398317,5,1,10,318,0,0,-34731,0,-35146,2500,-17500
2013_094/321.evt,10217,1513600,1398317,5,1,10,307,0,0,-37231,0,-37646,2500,-15000
2013_094/321.evt,10209,1513600,1398317,5,1,10,303,0,0,-39731,0,-40146,2500,-12500
2013_094/321.evt,10202,1513600,1398317,4,1,10,299,0,0,-42231,0,-42646,2500,-10000
2013_094/321.evt,10198,1513600,1398317,4,1,10,295,0,0,-44731,0,-45146,2500,-7500
2013_094/321.evt,10195,1513600,1398317,4,1,10,293,0,0,-47231,0,-47646,2500,-5000
2013_094/321.evt,10193,1513600,1398317,4,1,10,291,0,0,-49731,0,-50146,2500,-2500
2013_094/321.evt,10192,1513600,1398317,4,1,10,291,0,0,-52231,0,-52646,2500,0
2013_094/321.evt,10192,1513600,1398317,4,1,10,291,0,0,-54731,0,-55146,2500,2500
2013_094/321.evt,10191,1513600,1398317,4,1,10,290,0,0,-57231,0,-57646,2500,5000
2013_094/321.evt,10190,1513600,1398317,4,1,10,289,0,0,-59731,0,-60146,2500,7500
2013_094/321.evt,10189,1513600,1398317,4,1,10,288,0,0,-62231,0,-62646,2500,10000
2013_096/2.evt,26506,1746875,1669676,7,24625,26,393,0,0,-57738,0,-58154,2500,5507.5
2013_096/2.evt,26916,1746875,1669676,9,24627,36,592,0,0,-22231,0,-22646,2500,-30000
2013_096/2.evt,26817,1746875,1669676,9,24625,32,552,0,0,-24731,0,-25146,2500,-27500
2013_096/2.evt,26745,1746875,1669676,9,24625,29,520,0,0,-27231,0,-27646,2500,-25000
2013_096/2.evt,26685,1746875,1669676,8,24625,27,497,0,0,-29731,0,-30146,2500,-22500
2013_096/2.evt,26646,1746875,1669676,8,24625,27,478,0,0,-32231,0,-32646,2500,-20000
2013_096/2.evt,26613,1746875,1669676,8,24625,26,458,0,0,-34731,0,-35146,2500,-17500
2013_096/2.evt,26597,1746875,1669676,8,24625,26,451,0,0,-37231,0,-37646,2500,-15000
2013_096/2.evt,26575,1746875,1669676,8,24625,26,438,0,0,-39731,0,-40146,2500,-12500
2013_096/2.evt,26559,1746875,1669676,8,24625,26,432,0,0,-42231,0,-42646,2500,-10000
2013_096/2.evt,26540,1746875,1669676,7,24625,26,419,0,0,-44731,0,-45146,2500,-7500
2013_096/2.evt,26525,1746875,1669676,7,24625,26,409,0,0,-47231,0,-47646,2500,-5000
2013_096/2.evt,26516,1746875,1669676,7,24625,26,402,0,0,-49731,0,-50146,2500,-2500
2013_096/2.evt,26511,1746875,1669676,7,24625,26,398,0,0,-52231,0,-52646,2500,0
2013_096/2.evt,26509,1746875,1669676,7,24625,26,396,0,0,-54731,0,-55146,2500,2500
2013_096/2.evt,26506,1746875,1669676,7,24625,26,393,0,0,-57231,0,-57646,2500,5000
2013_096/2.evt,26505,1746875,1669676,7,24625,26,393,0,0,-59731,0,-60146,2500,7500
2013_096/2.evt,26505,1746875,1669676,7,24625,26,393,0,0,-62231,0,-62646,2500,10000
2013_100/55.evt,18493,1420288,1328910,48,16747,61,426,0,0,-57738,0,-58154,2500,5507.5
2013_100/55.evt,18804,1420288,1328910,53,16747,70,624,0,0,-22231,0,-22646,2500,-30000
2013_100/55.evt,18742,1420288,1328910,53,16747,67,592,0,0,-24731,0,-25146,2500,-27500
2013_100/55.evt,18692,1420288,1328910,52,16747,65,561,0,0,-27231,0,-27646,2500,-25000
2013_100/55.evt,18650,1420288,1328910,52,16747,64,535,0,0,-29731,0,-30146,2500,-22500
2013_100/55.evt,18610,1420288,1328910,52,16747,61,506,0,0,-32231,0,-32646,2500,-20000
2013_100/55.evt,18584,1420288,1328910,52,16747,61,490,0,0,-34731,0,-35146,2500,-17500
2013_100/55.evt,18560,1420288,1328910,52,16747,61,474,0,0,-37231,0,-37646,2500,-15000
2013_100/55.evt,18539,1420288,1328910,51,16747,61,457,0,0,-39731,0,-40146,2500,-12500
2013_100/55.evt,18529,1420288,1328910,50,16747,61,450,0,0,-42231,0,-42646,2500,-10000
2013_100/55.evt,18513,1420288,1328910,48,16747,61,439,0,0,-44731,0,-45146,2500,-7500
2013_100/55.evt,18501,1420288,1328910,48,16747,61,433,0,0,-47231,0,-47646,2500,-5000
2013_100/55.evt,18495,1420288,1328910,48,16747,61,428,0,0,-49731,0,-50146,2500,-2500
2013_100/55.evt,18494,1420288,1328910,48,16747,61,427,0,0,-52231,0,-52646,2500,0
2013_100/55.evt,18494,1420288,1328910,48,16747,61,427,0,0,-54731,0,-55146,2500,2500
2013_100/55.evt,18493,1420288,1328910,48,16747,61,426,0,0,-57231,0,-57646,2500,5000
2013_100/55.evt,18493,1420288,1328910,48,16747,61,426,0,0,-59731,0,-60146,2500,7500
2013_100/55.evt,18492,1420288,1328910,48,16747,61,425,0,0,-62231,0,-62646,2500,10000
2013_101/151.evt,23841,1703552,1576826,297,22119,74,235,0,0,-57738,0,-58154,2500,5507.5
2013_101/151.evt,24249,1703552,1576826,366,22119,75,450,0,0,-22231,0,-22646,2500,-30000
2013_101/151.evt,24150,1703552,1576826,359,22119,74,396,0,0,-24731,0,-25146,2500,-27500
2013_101/151.evt,24083,1703552,1576826,357,22119,74,345,0,0,-27231,0,-27646,2500,-25000
2013_101/151.evt,24032,1703552,1576826,352,22119,74,322,0,0,-29731,0,-30146,2500,-22500
2013_101/151.evt,23981,1703552,1576826,345,22119,74,295,0,0,-32231,0,-32646,2500,-20000
2013_101/151.evt,23955,1703552,1576826,337,22119,74,284,0,0,-34731,0,-35146,2500,-17500
2013_101/151.evt,23931,1703552,1576826,330,22119,74,273,0,0,-37231,0,-37646,2500,-15000
2013_101/151.evt,23908,1703552,1576826,324,22119,74,264,0,0,-39731,0,-40146,2500,-12500
2013_101/151.evt,23888,1703552,1576826,312,22119,74,258,0,0,-42231,0,-42646,2500,-10000
2013_101/151.evt,23860,1703552,1576826,299,22119,74,247,0,0,-44731,0,-45146,2500,-7500
2013_101/151.evt,23849,1703552,1576826,297,22119,74,240,0,0,-47231,0,-47646,2500,-5000
2013_101/151.evt,23844,1703552,1576826,297,22119,74,238,0,0,-49731,0,-50146,2500,-2500
2013_101/151.evt,23841,1703552,1576826,297,22119,74,235,0,0,-52231,0,-52646,2500,0
2013_101/151.evt,23841,1703552,1576826,297,22119,74,235,0,0,-54731,0,-55146,2500,2500
2013_101/151.evt,23841,1703552,1576826,297,22119,74,235,0,0,-57231,0,-57646,2500,5000
2013_101/151.evt,23841,1703552,1576826,297,22119,74,235,0,0,-59731,0,-60146,2500,7500
2013_101/151.evt,23841,1703552,1576826,297,22119,74,235,0,0,-62231,0,-62646,2500,10000
2013_103/16.evt,26033,1954432,1849875,62,24330,48,401,0,0,-57738,0,-58154,2500,5507.5
2013_103/16.evt,26377,1954432,1849875,81,24330,51,608,0,0,-22231,0,-22646,2500,-30000
2013_103/16.evt,26290,1954432,1849875,77,24330,49,559,0,0,-24731,0,-25146,2500,-27500
2013_103/16.evt,26233,1954432,1849875,74,24330,48,527,0,0,-27231,0,-27646,2500,-25000
2013_103/16.evt,26189,1954432,1849875,73,24330,48,501,0,0,-29731,0,-30146,2500,-22500
2013_103/16.evt,26145,1954432,1849875,69,24330,48,481,0,0,-32231,0,-32646,2500,-20000
2013_103/16.evt,26113,1954432,1849875,68,24330,48,461,0,0,-34731,0,-35146,2500,-17500
2013_103/16.evt,26094,1954432,1849875,68,24330,48,446,0,0,-37231,0,-37646,2500,-15000
2013_103/16.evt,26081,1954432,1849875,68,24330,48,437,0,0,-39731,0,-40146,2500,-12500
2013_103/16.evt,26066,1954432,1849875,66,24330,48,427,0,0,-42231,0,-42646,2500,-10000
2013_103/16.evt,26054,1954432,1849875,62,24330,48,419,0,0,-44731,0,-45146,2500,-7500
2013_103/16.evt,26043,1954432,1849875,62,24330,48,411,0,0,-47231,0,-47646,2500,-5000
2013_103/16.evt,26040,1954432,1849875,62,24330,48,408,0,0,-49731,0,-50146,2500,-2500
2013_103/16.evt,26035,1954432,1849875,62,24330,48,403,0,0,-52231,0,-52646,2500,0
2013_103/16.evt,26033,1954432,1849875,62,24330,48,401,0,0,-54731,0,-55146,2500,2500
2013_103/16.evt,26033,1954432,1849875,62,24330,48,401,0,0,-57231,0,-57646,2500,5000
2013_103/16.evt,26033,1954432,1849875,62,24330,48,401,0,0,-59731,0,-60146,2500,7500
2013_103/16.evt,26033,1954432,1849875,62,24330,48,401,0,0,-62231,0,-62646,2500,10000
2013_104/346.evt,25709,2195328,2131473,181,23649,225,364,0,0,-57738,0,-58154,2500,5507.5
2013_104/346.evt,26164,2195328,2131473,237,23664,259,565,0,0,-22231,0,-22646,2500,-30000
2013_104/346.evt,26047,2195328,2131473,225,23650,246,520,0,0,-24731,0,-25146,2500,-27500
2013_104/346.evt,25958,2195328,2131473,214,23649,240,485,0,0,-27231,0,-27646,2500,-25000
2013_104/346.evt,25898,2195328,2131473,207,23649,231,462,0,0,-29731,0,-30146,2500,-22500
2013_104/346.evt,25850,2195328,2131473,205,23649,228,436,0,0,-32231,0,-32646,2500,-20000
2013_104/346.evt,25824,2195328,2131473,203,23649,228,425,0,0,-34731,0,-35146,2500,-17500
2013_104/346.evt,25793,2195328,2131473,201,23649,226,406,0,0,-37231,0,-37646,2500,-15000
2013_104/346.evt,25767,2195328,2131473,196,23649,225,389,0,0,-39731,0,-40146,2500,-12500
2013_104/346.evt,25749,2195328,2131473,190,23649,225,383,0,0,-42231,0,-42646,2500,-10000
2013_104/346.evt,25733,2195328,2131473,187,23649,225,374,0,0,-44731,0,-45146,2500,-7500
2013_104/346.evt,25721,2195328,2131473,181,23649,225,373,0,0,-47231,0,-47646,2500,-5000
2013_104/346.evt,25716,2195328,2131473,181,23649,225,368,0,0,-49731,0,-50146,2500,-2500
2013_104/346.evt,25711,2195328,2131473,181,23649,225,365,0,0,-52231,0,-52646,2500,0
2013_104/346.evt,25709,2195328,2131473,181,23649,225,364,0,0,-54731,0,-55146,2500,2500
2013_104/346.evt,25709,2195328,2131473,181,23649,225,364,0,0,-57231,0,-57646,2500,5000
2013_104/346.evt,25709,2195328,2131473,181,23649,225,364,0,0,-59731,0,-60146,2500,7500
2013_104/346.evt,25706,2195328,2131473,181,23649,225,361,0,0,-62231,0,-62646,2500,10000
2013_105/309.evt,24915,1939712,1869810,118,22579,197,271,0,0,-57738,0,-58154,2500,5507.5
2013_105/309.evt,25339,1939712,1869810,179,22584,223,480,0,0,-22231,0,-22646,2500,-30000
2013_105/309.evt,25229,1939712,1869810,170,22579,215,430,0,0,-24731,0,-25146,2500,-27500
2013_105/309.evt,25153,1939712,1869810,156,22579,208,397,0,0,-27231,0,-27646,2500,-25000
2013_105/309.evt,25093,1939712,1869810,143,22579,205,373,0,0,-29731,0,-30146,2500,-22500
2013_105/309.evt,25040,1939712,1869810,136,22579,198,350,0,0,-32231,0,-32646,2500,-20000
2013_105/309.evt,25014,1939712,1869810,134,22579,198,338,0,0,-34731,0,-35146,2500,-17500
2013_105/309.evt,24989,1939712,1869810,130,22579,198,323,0,0,-37231,0,-37646,2500,-15000
2013_105/309.evt,24964,1939712,1869810,126,22579,197,308,0,0,-39731,0,-40146,2500,-12500
2013_105/309.evt,24943,1939712,1869810,122,22579,197,293,0,0,-42231,0,-42646,2500,-10000
2013_105/309.evt,24930,1939712,1869810,118,22579,197,285,0,0,-44731,0,-45146,2500,-7500
2013_105/309.evt,24922,1939712,1869810,118,22579,197,278,0,0,-47231,0,-47646,2500,-5000
2013_105/309.evt,24918,1939712,1869810,118,22579,197,274,0,0,-49731,0,-50146,2500,-2500
2013_105/309.evt,24917,1939712,1869810,118,22579,197,273,0,0,-52231,0,-52646,2500,0
2013_105/309.evt,24915,1939712,1869810,118,22579,197,271,0,0,-54731,0,-55146,2500,2500
2013_105/309.evt,24915,1939712,1869810,118,22579,197,271,0,0,-57231,0,-57646,2500,5000
2013_105/309.evt,24913,1939712,1869810,118,22579,197,270,0,0,-59731,0,-60146,2500,7500
2013_105/309.evt,24912,1939712,1869810,118,22579,197,269,0,0,-62231,0,-62646,2500,10000
2013_106/364.evt,23879,1883264,1814930,99,21155,214,278,0,0,-57738,0,-58154,2500,5507.5
2013_106/364.evt,24331,1883264,1814930,132,21207,253,489,0,0,-22231,0,-22646,2500,-30000
2013_106/364.evt,24206,1883264,1814930,131,21164,244,446,0,0,-24731,0,-25146,2500,-27500
2013_106/364.evt,24120,1883264,1814930,125,21155,229,413,0,0,-27231,0,-27646,2500,-25000
2013_106/364.evt,24056,1883264,1814930,123,21155,222,376,0,0,-29731,0,-30146,2500,-22500
2013_106/364.evt,24007,1883264,1814930,120,21155,217,355,0,0,-32231,0,-32646,2500,-20000
2013_106/364.evt,23971,1883264,1814930,117,21155,215,332,0,0,-34731,0,-35146,2500,-17500
2013_106/364.evt,23950,1883264,1814930,112,21155,214,321,0,0,-37231,0,-37646,2500,-15000
2013_106/364.evt,23930,1883264,1814930,108,21155,214,310,0,0,-39731,0,-40146,2500,-12500
2013_106/364.evt,23913,1883264,1814930,105,21155,214,300,0,0,-42231,0,-42646,2500,-10000
2013_106/364.evt,23898,1883264,1814930,101,21155,214,295,0,0,-44731,0,-45146,2500,-7500
2013_106/364.evt,23888,1883264,1814930,100,21155,214,286,0,0,-47231,0,-47646,2500,-5000
2013_106/364.evt,23883,1883264,1814930,99,21155,214,282,0,0,-49731,0,-50146,2500,-2500
2013_106/364.evt,23880,1883264,1814930,99,21155,214,279,0,0,-52231,0,-52646,2500,0
2013_106/364.evt,23879,1883264,1814930,99,21155,214,278,0,0,-54731,0,-55146,2500,2500
2013_106/364.evt,23879,1883264,1814930,99,21155,214,278,0,0,-57231,0,-57646,2500,5000
2013_106/364.evt,23879,1883264,1814930,99,21155,214,278,0,0,-59731,0,-60146,2500,7500
2013_106/364.evt,23879,1883264,1814930,99,21155,214,278,0,0,-62231,0,-62646,2500,10000
2013_107/258.evt,23530,3237383,3172742,161,19735,1530,430,0,0,-57738,0,-58154,2500,5507.5
2013_107/258.evt,24397,3237383,3172742,241,19741,1820,736,0,0,-22231,0,-22646,2500,-30000
2013_107/258.evt,24139,3237383,3172742,227,19735,1697,662,0,0,-24731,0,-25146,2500,-27500
2013_107/258.evt,23955,3237383,3172742,214,19735,1615,610,0,0,-27231,0,-27646,2500,-25000
2013_107/258.evt,23820,3237383,3172742,203,19735,1569,558,0,0,-29731,0,-30146,2500,-22500
2013_107/258.evt,23731,3237383,3172742,192,19735,1538,532,0,0,-32231,0,-32646,2500,-20000
2013_107/258.evt,23684,3237383,3172742,187,19735,1532,510,0,0,-34731,0,-35146,2500,-17500
2013_107/258.evt,23644,3237383,3172742,180,19735,1530,488,0,0,-37231,0,-37646,2500,-15000
2013_107/258.evt,23611,3237383,3172742,175,19735,1530,470,0,0,-39731,0,-40146,2500,-12500
2013_107/258.evt,23575,3237383,3172742,171,19735,1530,452,0,0,-42231,0,-42646,2500,-10000
2013_107/258.evt,23553,3237383,3172742,166,19735,1530,441,0,0,-44731,0,-45146,2500,-7500
2013_107/258.evt,23544,3237383,3172742,161,19735,1530,438,0,0,-47231,0,-47646,2500,-5000
2013_107/258.evt,23536,3237383,3172742,161,19735,1530,432,0,0,-49731,0,-50146,2500,-2500
2013_107/258.evt,23533,3237383,3172742,161,19735,1530,431,0,0,-52231,0,-52646,2500,0
2013_107/258.evt,23531,3237383,3172742,161,19735,1530,430,0,0,-54731,0,-55146,2500,2500
2013_107/258.evt,23530,3237383,3172742,161,19735,1530,430,0,0,-57231,0,-57646,2500,5000
2013_107/258.evt,23530,3237383,3172742,161,19735,1530,430,0,0,-59731,0,-60146,2500,7500
2013_107/258.evt,23530,3237383,3172742,161,19735,1530,430,0,0,-62231,0,-62646,2500,10000
2013_108/70.evt,29475,2741632,2695092,136,26396,1280,352,0,0,-57738,0,-58154,2500,5507.5
2013_108/70.evt,30523,2741632,2695092,230,26396,1429,794,0,0,-22231,0,-22646,2500,-30000
2013_108/70.evt,30236,2741632,2695092,216,26396,1353,695,0,0,-24731,0,-25146,2500,-27500
2013_108/70.evt,30037,2741632,2695092,197,26396,1314,619,0,0,-27231,0,-27646,2500,-25000
2013_108/70.evt,29888,2741632,2695092,186,26396,1294,550,0,0,-29731,0,-30146,2500,-22500
2013_108/70.evt,29770,2741632,2695092,175,26396,1286,495,0,0,-32231,0,-32646,2500,-20000
2013_108/70.evt,29692,2741632,2695092,167,26396,1282,457,0,0,-34731,0,-35146,2500,-17500
2013_108/70.evt,29622,2741632,2695092,159,26396,1280,427,0,0,-37231,0,-37646,2500,-15000
2013_108/70.evt,29565,2741632,2695092,153,26396,1280,398,0,0,-39731,0,-40146,2500,-12500
2013_108/70.evt,29534,2741632,2695092,149,26396,1280,378,0,0,-42231,0,-42646,2500,-10000
2013_108/70.evt,29507,2741632,2695092,139,26396,1280,368,0,0,-44731,0,-45146,2500,-7500
2013_108/70.evt,29488,2741632,2695092,136,26396,1280,360,0,0,-47231,0,-47646,2500,-5000
2013_108/70.evt,29480,2741632,2695092,136,26396,1280,355,0,0,-49731,0,-50146,2500,-2500
2013_108/70.evt,29476,2741632,2695092,136,26396,1280,352,0,0,-52231,0,-52646,2500,0
2013_108/70.evt,29475,2741632,2695092,136,26396,1280,352,0,0,-54731,0,-55146,2500,2500
2013_108/70.evt,29475,2741632,2695092,136,26396,1280,352,0,0,-57231,0,-57646,2500,5000
2013_108/70.evt,29475,2741632,2695092,136,26396,1280,352,0,0,-59731,0,-60146,2500,7500
2013_108/70.evt,29475,2741632,2695092,136,26396,1280,352,0,0,-62231,0,-62646,2500,10000
2013_112/319.evt,41000,1843456,1756672,31,37775,323,144,0,0,-57738,0,-58154,2500,5507.5
2013_112/319.evt,41799,1843456,1756672,140,37784,361,616,0,0,-22231,0,-22646,2500,-30000
2013_112/319.evt,41647,1843456,1756672,117,37775,349,545,0,0,-24731,0,-25146,2500,-27500
2013_112/319.evt,41535,1843456,1756672,105,37775,340,484,0,0,-27231,0,-27646,2500,-25000
2013_112/319.evt,41440,1843456,1756672,94,37775,328,426,0,0,-29731,0,-30146,2500,-22500
2013_112/319.evt,41361,1843456,1756672,79,37775,326,379,0,0,-32231,0,-32646,2500,-20000
2013_112/319.evt,41298,1843456,1756672,68,37775,325,343,0,0,-34731,0,-35146,2500,-17500
2013_112/319.evt,41232,1843456,1756672,58,37775,325,300,0,0,-37231,0,-37646,2500,-15000
2013_112/319.evt,41172,1843456,1756672,52,37775,324,260,0,0,-39731,0,-40146,2500,-12500
2013_112/319.evt,41110,1843456,1756672,41,37775,323,222,0,0,-42231,0,-42646,2500,-10000
2013_112/319.evt,41067,1843456,1756672,32,37775,323,200,0,0,-44731,0,-45146,2500,-7500
2013_112/319.evt,41033,1843456,1756672,31,37775,323,175,0,0,-47231,0,-47646,2500,-5000
2013_112/319.evt,41018,1843456,1756672,31,37775,323,162,0,0,-49731,0,-50146,2500,-2500
2013_112/319.evt,41005,1843456,1756672,31,37775,323,149,0,0,-52231,0,-52646,2500,0
2013_112/319.evt,41001,1843456,1756672,31,37775,323,145,0,0,-54731,0,-55146,2500,2500
2013_112/319.evt,41000,1843456,1756672,31,37775,323,144,0,0,-57231,0,-57646,2500,5000
2013_112/319.evt,40998,1843456,1756672,31,37775,323,143,0,0,-59731,0,-60146,2500,7500
2013_112/319.evt,40998,1843456,1756672,31,37775,323,143,0,0,-62231,0,-62646,2500,10000
2013_114/163.evt,56451,1841920,1728426,58,51968,423,208,0,0,-57738,0,-58154,2500,5507.5
2013_114/163.evt,57088,1841920,1728426,96,51968,438,669,0,0,-22231,0,-22646,2500,-30000
2013_114/163.evt,56962,1841920,1728426,96,51968,429,585,0,0,-24731,0,-25146,2500,-27500
2013_114/163.evt,56871,1841920,1728426,96,51968,425,519,0,0,-27231,0,-27646,2500,-25000
2013_114/163.evt,56786,1841920,1728426,95,51968,423,447,0,0,-29731,0,-30146,2500,-22500
2013_114/163.evt,56710,1841920,1728426,95,51968,423,386,0,0,-32231,0,-32646,2500,-20000
2013_114/163.evt,56657,1841920,1728426,94,51968,423,347,0,0,-34731,0,-35146,2500,-17500
2013_114/163.evt,56598,1841920,1728426,85,51968,423,308,0,0,-37231,0,-37646,2500,-15000
2013_114/163.evt,56551,1841920,1728426,74,51968,423,278,0,0,-39731,0,-40146,2500,-12500
2013_114/163.evt,56515,1841920,1728426,66,51968,423,255,0,0,-42231,0,-42646,2500,-10000
2013_114/163.evt,56489,1841920,1728426,61,51968,423,238,0,0,-44731,0,-45146,2500,-7500
2013_114/163.evt,56472,1841920,1728426,58,51968,423,226,0,0,-47231,0,-47646,2500,-5000
2013_114/163.evt,56455,1841920,1728426,58,51968,423,211,0,0,-49731,0,-50146,2500,-2500
2013_114/163.evt,56452,1841920,1728426,58,51968,423,208,0,0,-52231,0,-52646,2500,0
2013_114/163.evt,56451,1841920,1728426,58,51968,423,208,0,0,-54731,0,-55146,2500,2500
2013_114/163.evt,56451,1841920,1728426,58,51968,423,208,0,0,-57231,0,-57646,2500,5000
2013_114/163.evt,56450,1841920,1728426,58,51968,423,207,0,0,-59731,0,-60146,2500,7500
2013_114/163.evt,56449,1841920,1728426,58,51968,423,206,0,0,-62231,0,-62646,2500,10000
2013_115/295.evt,40535,2052992,1959771,110,37239,1967,177,0,0,-57738,0,-58154,2500,5507.5
2013_115/295.evt,41608,2052992,1959771,218,37248,2167,696,0,0,-22231,0,-22646,2500,-30000
2013_115/295.evt,41362,2052992,1959771,214,37239,2073,615,0,0,-24731,0,-25146,2500,-27500
2013_115/295.evt,41163,2052992,1959771,197,37239,2011,533,0,0,-27231,0,-27646,2500,-25000
2013_115/295.evt,41018,2052992,1959771,186,37239,1990,448,0,0,-29731,0,-30146,2500,-22500
2013_115/295.evt,40906,2052992,1959771,179,37239,1972,391,0,0,-32231,0,-32646,2500,-20000
2013_115/295.evt,40822,2052992,1959771,159,37239,1968,346,0,0,-34731,0,-35146,2500,-17500
2013_115/295.evt,40746,2052992,1959771,147,37239,1967,303,0,0,-37231,0,-37646,2500,-15000
2013_115/295.evt,40690,2052992,1959771,132,37239,1967,274,0,0,-39731,0,-40146,2500,-12500
2013_115/295.evt,40630,2052992,1959771,119,37239,1967,241,0,0,-42231,0,-42646,2500,-10000
2013_115/295.evt,40591,2052992,1959771,114,37239,1967,216,0,0,-44731,0,-45146,2500,-7500
2013_115/295.evt,40564,2052992,1959771,111,37239,1967,200,0,0,-47231,0,-47646,2500,-5000
2013_115/295.evt,40554,2052992,1959771,111,37239,1967,191,0,0,-49731,0,-50146,2500,-2500
2013_115/295.evt,40543,2052992,1959771,111,37239,1967,184,0,0,-52231,0,-52646,2500,0
2013_115/295.evt,40538,2052992,1959771,110,37239,1967,180,0,0,-54731,0,-55146,2500,2500
2013_115/295.evt,40535,2052992,1959771,110,37239,1967,177,0,0,-57231,0,-57646,2500,5000
2013_115/295.evt,40535,2052992,1959771,110,37239,1967,177,0,0,-59731,0,-60146,2500,7500
2013_115/295.evt,40535,2052992,1959771,110,37239,1967,177,0,0,-62231,0,-62646,2500,10000
2013_116/407.evt,33518,2300160,2256632,1044,30838,738,375,0,0,-57738,0,-58154,2500,5507.5
2013_116/407.evt,34884,2300160,2256632,1432,30884,869,921,0,0,-22231,0,-22646,2500,-30000
2013_116/407.evt,34577,2300160,2256632,1395,30848,824,783,0,0,-24731,0,-25146,2500,-27500
2013_116/407.evt,34298,2300160,2256632,1348,30838,789,656,0,0,-27231,0,-27646,2500,-25000
2013_116/407.evt,34099,2300160,2256632,1291,30838,765,581,0,0,-29731,0,-30146,2500,-22500
2013_116/407.evt,33951,2300160,2256632,1251,30838,750,526,0,0,-32231,0,-32646,2500,-20000
2013_116/407.evt,33859,2300160,2256632,1222,30838,743,491,0,0,-34731,0,-35146,2500,-17500
2013_116/407.evt,33765,2300160,2256632,1182,30838,738,457,0,0,-37231,0,-37646,2500,-15000
2013_116/407.evt,33691,2300160,2256632,1150,30838,738,429,0,0,-39731,0,-40146,2500,-12500
2013_116/407.evt,33629,2300160,2256632,1120,30838,738,405,0,0,-42231,0,-42646,2500,-10000
2013_116/407.evt,33574,2300160,2256632,1077,30838,738,395,0,0,-44731,0,-45146,2500,-7500
2013_116/407.evt,33537,2300160,2256632,1051,30838,738,386,0,0,-47231,0,-47646,2500,-5000
2013_116/407.evt,33526,2300160,2256632,1046,30838,738,381,0,0,-49731,0,-50146,2500,-2500
2013_116/407.evt,33519,2300160,2256632,1044,30838,738,376,0,0,-52231,0,-52646,2500,0
2013_116/407.evt,33518,2300160,2256632,1044,30838,738,375,0,0,-54731,0,-55146,2500,2500
2013_116/407.evt,33518,2300160,2256632,1044,30838,738,375,0,0,-57231,0,-57646,2500,5000
2013_116/407.evt,33518,2300160,2256632,1044,30838,738,375,0,0,-59731,0,-60146,2500,7500
2013_116/407.evt,33518,2300160,2256632,1044,30838,738,375,0,0,-62231,0,-62646,2500,10000
2013_117/392.evt,42170,2528640,2459344,98,40300,612,183,0,0,-57738,0,-58154,2500,5507.5
2013_117/392.evt,43144,2528640,2459344,157,40335,772,630,0,0,-22231,0,-22646,2500,-30000
2013_117/392.evt,42920,2528640,2459344,155,40303,720,556,0,0,-24731,0,-25146,2500,-27500
2013_117/392.evt,42745,2528640,2459344,151,40300,669,484,0,0,-27231,0,-27646,2500,-25000
2013_117/392.evt,42612,2528640,2459344,148,40300,637,424,0,0,-29731,0,-30146,2500,-22500
2013_117/392.evt,42512,2528640,2459344,137,40300,622,378,0,0,-32231,0,-32646,2500,-20000
2013_117/392.evt,42432,2528640,2459344,124,40300,614,340,0,0,-34731,0,-35146,2500,-17500
2013_117/392.evt,42374,2528640,2459344,121,40300,612,309,0,0,-37231,0,-37646,2500,-15000
2013_117/392.evt,42334,2528640,2459344,116,40300,612,287,0,0,-39731,0,-40146,2500,-12500
2013_117/392.evt,42276,2528640,2459344,105,40300,612,257,0,0,-42231,0,-42646,2500,-10000
2013_117/392.evt,42228,2528640,2459344,100,40300,612,225,0,0,-44731,0,-45146,2500,-7500
2013_117/392.evt,42202,2528640,2459344,98,40300,612,209,0,0,-47231,0,-47646,2500,-5000
2013_117/392.evt,42189,2528640,2459344,98,40300,612,199,0,0,-49731,0,-50146,2500,-2500
2013_117/392.evt,42178,2528640,2459344,98,40300,612,190,0,0,-52231,0,-52646,2500,0
2013_117/392.evt,42171,2528640,2459344,98,40300,612,184,0,0,-54731,0,-55146,2500,2500
2013_117/392.evt,42171,2528640,2459344,98,40300,612,184,0,0,-57231,0,-57646,2500,5000
2013_117/392.evt,42170,2528640,2459344,98,40300,612,183,0,0,-59731,0,-60146,2500,7500
2013_117/392.evt,42170,2528640,2459344,98,40300,612,183,0,0,-62231,0,-62646,2500,10000
2013_118/393.evt,36098,2128128,2019140,207,33108,160,120,0,0,-57738,0,-58154,2500,5507.5
2013_118/393.evt,36911,2128128,2019140,346,33170,211,498,0,0,-22231,0,-22646,2500,-30000
2013_118/393.evt,36729,2128128,2019140,339,33114,193,422,0,0,-24731,0,-25146,2500,-27500
2013_118/393.evt,36597,2128128,2019140,328,33109,178,354,0,0,-27231,0,-27646,2500,-25000
2013_118/393.evt,36480,2128128,2019140,319,33108,172,287,0,0,-29731,0,-30146,2500,-22500
2013_118/393.evt,36397,2128128,2019140,301,33108,165,248,0,0,-32231,0,-32646,2500,-20000
2013_118/393.evt,36320,2128128,2019140,278,33108,163,212,0,0,-34731,0,-35146,2500,-17500
2013_118/393.evt,36256,2128128,2019140,258,33108,163,186,0,0,-37231,0,-37646,2500,-15000
2013_118/393.evt,36210,2128128,2019140,242,33108,161,169,0,0,-39731,0,-40146,2500,-12500
2013_118/393.evt,36163,2128128,2019140,228,33108,160,143,0,0,-42231,0,-42646,2500,-10000
2013_118/393.evt,36130,2128128,2019140,212,33108,160,132,0,0,-44731,0,-45146,2500,-7500
2013_118/393.evt,36107,2128128,2019140,208,33108,160,123,0,0,-47231,0,-47646,2500,-5000
2013_118/393.evt,36104,2128128,2019140,207,33108,160,122,0,0,-49731,0,-50146,2500,-2500
2013_118/393.evt,36099,2128128,2019140,207,33108,160,120,0,0,-52231,0,-52646,2500,0
2013_118/393.evt,36098,2128128,2019140,207,33108,160,120,0,0,-54731,0,-55146,2500,2500
2013_118/393.evt,36098,2128128,2019140,207,33108,160,120,0,0,-57231,0,-57646,2500,5000
2013_118/393.evt,36097,2128128,2019140,207,33108,160,120,0,0,-59731,0,-60146,2500,7500
2013_118/393.evt,36097,2128128,2019140,207,33108,160,120,0,0,-62231,0,-62646,2500,10000
2013_120/231.evt,33379,1989632,1908106,340,30824,662,514,0,0,-57738,0,-58154,2500,5507.5
2013_120/231.evt,33958,1989632,1908106,464,30824,714,798,0,0,-22231,0,-22646,2500,-30000
2013_120/231.evt,33831,1989632,1908106,454,30824,690,739,0,0,-24731,0,-25146,2500,-27500
2013_120/231.evt,33708,1989632,1908106,427,30824,676,681,0,0,-27231,0,-27646,2500,-25000
2013_120/231.evt,33622,1989632,1908106,407,30824,667,636,0,0,-29731,0,-30146,2500,-22500
2013_120/231.evt,33553,1989632,1908106,392,30824,665,600,0,0,-32231,0,-32646,2500,-20000
2013_120/231.evt,33512,1989632,1908106,381,30824,663,583,0,0,-34731,0,-35146,2500,-17500
2013_120/231.evt,33481,1989632,1908106,374,30824,662,564,0,0,-37231,0,-37646,2500,-15000
2013_120/231.evt,33449,1989632,1908106,364,30824,662,546,0,0,-39731,0,-40146,2500,-12500
2013_120/231.evt,33427,1989632,1908106,358,30824,662,535,0,0,-42231,0,-42646,2500,-10000
2013_120/231.evt,33403,1989632,1908106,349,30824,662,524,0,0,-44731,0,-45146,2500,-7500
2013_120/231.evt,33392,1989632,1908106,345,30824,662,518,0,0,-47231,0,-47646,2500,-5000
2013_120/231.evt,33387,1989632,1908106,342,30824,662,518,0,0,-49731,0,-50146,2500,-2500
2013_120/231.evt,33385,1989632,1908106,341,30824,662,517,0,0,-52231,0,-52646,2500,0
2013_120/231.evt,33381,1989632,1908106,340,30824,662,515,0,0,-54731,0,-55146,2500,2500
2013_120/231.evt,33379,1989632,1908106,340,30824,662,514,0,0,-57231,0,-57646,2500,5000
2013_120/231.evt,33378,1989632,1908106,340,30824,662,513,0,0,-59731,0,-60146,2500,7500
2013_120/231.evt,33377,1989632,1908106,340,30824,662,512,0,0,-62231,0,-62646,2500,10000
2013_121/286.evt,44387,2904514,2798552,57,40855,514,170,0,0,-57738,0,-58154,2500,5507.5
2013_121/286.evt,45294,2904514,2798552,100,40856,548,606,0,0,-22231,0,-22646,2500,-30000
2013_121/286.evt,45099,2904514,2798552,100,40855,531,527,0,0,-24731,0,-25146,2500,-27500
2013_121/286.evt,44961,2904514,2798552,99,40855,523,468,0,0,-27231,0,-27646,2500,-25000
2013_121/286.evt,44828,2904514,2798552,98,40855,519,404,0,0,-29731,0,-30146,2500,-22500
2013_121/286.evt,44723,2904514,2798552,92,40855,517,354,0,0,-32231,0,-32646,2500,-20000
2013_121/286.evt,44635,2904514,2798552,83,40855,514,308,0,0,-34731,0,-35146,2500,-17500
2013_121/286.evt,44573,2904514,2798552,78,40855,514,276,0,0,-37231,0,-37646,2500,-15000
2013_121/286.evt,44507,2904514,2798552,69,40855,514,238,0,0,-39731,0,-40146,2500,-12500
2013_121/286.evt,44469,2904514,2798552,65,40855,514,216,0,0,-42231,0,-42646,2500,-10000
2013_121/286.evt,44438,2904514,2798552,59,40855,514,199,0,0,-44731,0,-45146,2500,-7500
2013_121/286.evt,44409,2904514,2798552,57,40855,514,183,0,0,-47231,0,-47646,2500,-5000
2013_121/286.evt,44398,2904514,2798552,57,40855,514,177,0,0,-49731,0,-50146,2500,-2500
2013_121/286.evt,44392,2904514,2798552,57,40855,514,173,0,0,-52231,0,-52646,2500,0
2013_121/286.evt,44388,2904514,2798552,57,40855,514,171,0,0,-54731,0,-55146,2500,2500
2013_121/286.evt,44387,2904514,2798552,57,40855,514,170,0,0,-57231,0,-57646,2500,5000
2013_121/286.evt,44387,2904514,2798552,57,40855,514,170,0,0,-59731,0,-60146,2500,7500
2013_121/286.evt,44386,2904514,2798552,57,40855,514,170,0,0,-62231,0,-62646,2500,10000
2013_124/409.evt,4100,531793,515906,58,3388,11,39,0,0,-57738,0,-58154,2500,5507.5
2013_124/409.evt,4282,531793,515906,110,3395,16,71,0,0,-22231,0,-22646,2500,-30000
2013_124/409.evt,4242,531793,515906,105,3388,15,61,0,0,-24731,0,-25146,2500,-27500
2013_124/409.evt,4203,531793,515906,95,3388,13,53,0,0,-27231,0,-27646,2500,-25000
2013_124/409.evt,4182,531793,515906,89,3388,13,51,0,0,-29731,0,-30146,2500,-22500
2013_124/409.evt,4164,531793,515906,80,3388,13,51,0,0,-32231,0,-32646,2500,-20000
2013_124/409.evt,4153,531793,515906,76,3388,12,50,0,0,-34731,0,-35146,2500,-17500
2013_124/409.evt,4134,531793,515906,68,3388,11,47,0,0,-37231,0,-37646,2500,-15000
2013_124/409.evt,4124,531793,515906,67,3388,11,44,0,0,-39731,0,-40146,2500,-12500
2013_124/409.evt,4118,531793,515906,65,3388,11,43,0,0,-42231,0,-42646,2500,-10000
2013_124/409.evt,4110,531793,515906,61,3388,11,41,0,0,-44731,0,-45146,2500,-7500
2013_124/409.evt,4104,531793,515906,58,3388,11,40,0,0,-47231,0,-47646,2500,-5000
2013_124/409.evt,4103,531793,515906,58,3388,11,40,0,0,-49731,0,-50146,2500,-2500
2013_124/409.evt,4101,531793,515906,58,3388,11,40,0,0,-52231,0,-52646,2500,0
2013_124/409.evt,4100,531793,515906,58,3388,11,39,0,0,-54731,0,-55146,2500,2500
2013_124/409.evt,4100,531793,515906,58,3388,11,39,0,0,-57231,0,-57646,2500,5000
2013_124/409.evt,4100,531793,515906,58,3388,11,39,0,0,-59731,0,-60146,2500,7500
2013_124/409.evt,4100,531793,515906,58,3388,11,39,0,0,-62231,0,-62646,2500,10000
