file,n.opp,n.opp.,n.evt,n.evt.,beads,pro,syn,pico,width,corr,offset.small.D1,offset.small.D2,offset.large.D1,offset.large.D2,notch.small.D1,notch.small.D2,notch.large.D1,notch.large.D2
2011_299/213.evt.gz,22,22,71933,71933,0,2,13,7,5000,2500,-8427,-8677,-66806,-65267,0.656,0.683,1.635,1.632
2011_299/213.evt.gz,75,75,71933,71933,0,15,36,24,5000,5000,-5927,-6177,-64306,-62767,0.656,0.683,1.635,1.632
2011_299/213.evt.gz,176,176,71933,71933,0,44,71,57,5000,7500,-3427,-3677,-61806,-60267,0.656,0.683,1.635,1.632
2011_299/213.evt.gz,327,327,71933,71933,0,79,117,108,5000,10000,-927,-1177,-59306,-57767,0.656,0.683,1.635,1.632
2011_299/213.evt.gz,401,401,71933,71933,0,95,131,137,5000,1,0,0,-69305,-67766,0.656,0.683,1.635,1.632
2011_299/213.evt.gz,109,109,71933,71933,0,26,53,29,5000,2,0,0,-69304,-67765,0.472766299973169,0.495572846793668,1.635,1.632
2011_299/213.evt.gz,140,140,71933,71933,0,35,65,37,5000,3,0,0,-66806,-65267,0.514690099275557,0.514690099275557,1.635,1.632
2011_299/213.evt.gz,65,65,71933,71933,0,13,35,16,5000,4,0,0,-71806,-70267,0.430842500670781,0.45364904749128,1.635,1.632
2011_299/5067.evt.gz,178,178,98242,98242,0,4,30,90,5000,0,-10927,-11177,-69306,-67767,0.656,0.683,1.635,1.632
2011_299/5067.evt.gz,392,392,98242,98242,0,25,69,194,5000,2500,-8427,-8677,-66806,-65267,0.656,0.683,1.635,1.632
2011_299/5067.evt.gz,653,653,98242,98242,0,93,108,283,5000,5000,-5927,-6177,-64306,-62767,0.656,0.683,1.635,1.632
2011_299/5067.evt.gz,939,939,98242,98242,0,221,144,333,5000,7500,-3427,-3677,-61806,-60267,0.656,0.683,1.635,1.632
2011_299/5067.evt.gz,1312,1312,98242,98242,0,429,179,380,5000,10000,-927,-1177,-59306,-57767,0.656,0.683,1.635,1.632
2011_299/5067.evt.gz,1473,1473,98242,98242,0,515,203,393,5000,1,0,0,-69305,-67766,0.656,0.683,1.635,1.632
2011_299/5067.evt.gz,623,623,98242,98242,0,181,114,183,5000,2,0,0,-69304,-67765,0.472766299973169,0.495572846793668,1.635,1.632
2011_299/5067.evt.gz,773,773,98242,98242,0,232,126,230,5000,3,0,0,-66806,-65267,0.514690099275557,0.514690099275557,1.635,1.632
2011_299/5067.evt.gz,426,426,98242,98242,0,123,88,106,5000,4,0,0,-71806,-70267,0.430842500670781,0.45364904749128,1.635,1.632
2011_300/140.evt.gz,595,595,268309,268309,0,7,64,401,5000,0,-10927,-11177,-69306,-67767,0.656,0.683,1.635,1.632
2011_300/140.evt.gz,1193,1193,268309,268309,0,52,121,736,5000,2500,-8427,-8677,-66806,-65267,0.656,0.683,1.635,1.632
2011_300/140.evt.gz,1911,1911,268309,268309,1,201,194,1066,5000,5000,-5927,-6177,-64306,-62767,0.656,0.683,1.635,1.632
2011_300/140.evt.gz,2648,2648,268309,268309,1,538,251,1288,5000,7500,-3427,-3677,-61806,-60267,0.656,0.683,1.635,1.632
2011_300/140.evt.gz,3468,3468,268309,268309,1,1020,299,1463,5000,10000,-927,-1177,-59306,-57767,0.656,0.683,1.635,1.632
2011_300/140.evt.gz,3798,3798,268309,268309,1,1233,325,1510,5000,1,0,0,-69305,-67766,0.656,0.683,1.635,1.632
2011_300/140.evt.gz,1595,1595,268309,268309,0,429,191,658,5000,2,0,0,-69304,-67765,0.472766299973169,0.495572846793668,1.635,1.632
2011_300/140.evt.gz,2005,2005,268309,268309,0,541,221,842,5000,3,0,0,-66806,-65267,0.514690099275557,0.514690099275557,1.635,1.632
2011_300/140.evt.gz,1055,1055,268309,268309,0,271,142,415,5000,4,0,0,-71806,-70267,0.430842500670781,0.45364904749128,1.635,1.632
2011_300/338.evt.gz,878,878,294554,294554,0,13,114,443,5000,0,-10927,-11177,-69306,-67767,0.656,0.683,1.635,1.632
2011_300/338.evt.gz,1323,1323,294554,294554,0,139,182,560,5000,2500,-8427,-8677,-66806,-65267,0.656,0.683,1.635,1.632
2011_300/338.evt.gz,2013,2013,294554,294554,0,516,245,659,5000,5000,-5927,-6177,-64306,-62767,0.656,0.683,1.635,1.632
2011_300/338.evt.gz,3307,3307,294554,294554,0,1490,332,736,5000,7500,-3427,-3677,-61806,-60267,0.656,0.683,1.635,1.632
2011_300/338.evt.gz,5194,5194,294554,294554,0,3015,413,797,5000,10000,-927,-1177,-59306,-57767,0.656,0.683,1.635,1.632
2011_300/338.evt.gz,6177,6177,294554,294554,0,3809,442,805,5000,1,0,0,-69305,-67766,0.656,0.683,1.635,1.632
2011_300/338.evt.gz,2426,2426,294554,294554,0,1166,236,502,5000,2,0,0,-69304,-67765,0.472766299973169,0.495572846793668,1.635,1.632
2011_300/338.evt.gz,3047,3047,294554,294554,0,1561,278,592,5000,3,0,0,-66806,-65267,0.514690099275557,0.514690099275557,1.635,1.632
2011_300/338.evt.gz,1677,1677,294554,294554,0,723,199,359,5000,4,0,0,-71806,-70267,0.430842500670781,0.45364904749128,1.635,1.632
2011_300/447.evt.gz,268,268,199265,199265,1,25,21,65,5000,0,-10927,-11177,-69306,-67767,0.656,0.683,1.635,1.632
2011_300/447.evt.gz,654,654,199265,199265,2,177,33,145,5000,2500,-8427,-8677,-66806,-65267,0.656,0.683,1.635,1.632
2011_300/447.evt.gz,1276,1276,199265,199265,3,547,38,234,5000,5000,-5927,-6177,-64306,-62767,0.656,0.683,1.635,1.632
2011_300/447.evt.gz,2298,2298,199265,199265,3,1345,53,274,5000,7500,-3427,-3677,-61806,-60267,0.656,0.683,1.635,1.632
2011_300/447.evt.gz,3779,3779,199265,199265,4,2537,68,298,5000,10000,-927,-1177,-59306,-57767,0.656,0.683,1.635,1.632
2011_300/447.evt.gz,4471,4471,199265,199265,3,3089,70,295,5000,1,0,0,-69305,-67766,0.656,0.683,1.635,1.632
2011_300/447.evt.gz,1455,1455,199265,199265,1,1025,39,93,5000,2,0,0,-69304,-67765,0.472766299973169,0.495572846793668,1.635,1.632
2011_300/447.evt.gz,1951,1951,199265,199265,2,1324,42,152,5000,3,0,0,-66806,-65267,0.514690099275557,0.514690099275557,1.635,1.632
2011_300/447.evt.gz,954,954,199265,199265,0,668,29,54,5000,4,0,0,-71806,-70267,0.430842500670781,0.45364904749128,1.635,1.632
2011_301/134.evt.gz,670,670,482595,482595,0,33,274,85,5000,0,-10927,-11177,-69306,-67767,0.656,0.683,1.635,1.632
2011_301/134.evt.gz,1349,1349,482595,482595,0,303,374,186,5000,2500,-8427,-8677,-66806,-65267,0.656,0.683,1.635,1.632
2011_301/134.evt.gz,2604,2604,482595,482595,0,1153,461,275,5000,5000,-5927,-6177,-64306,-62767,0.656,0.683,1.635,1.632
2011_301/134.evt.gz,4737,4737,482595,482595,0,2919,568,344,5000,7500,-3427,-3677,-61806,-60267,0.656,0.683,1.635,1.632
2011_301/134.evt.gz,7707,7707,482595,482595,0,5472,641,404,5000,10000,-927,-1177,-59306,-57767,0.656,0.683,1.635,1.632
2011_301/134.evt.gz,9192,9192,482595,482595,0,6771,673,385,5000,1,0,0,-69305,-67766,0.656,0.683,1.635,1.632
2011_301/134.evt.gz,3283,3283,482595,482595,0,2231,415,126,5000,2,0,0,-69304,-67765,0.472766299973169,0.495572846793668,1.635,1.632
2011_301/134.evt.gz,4203,4203,482595,482595,0,2874,469,203,5000,3,0,0,-66806,-65267,0.514690099275557,0.514690099275557,1.635,1.632
2011_301/134.evt.gz,2265,2265,482595,482595,0,1468,350,70,5000,4,0,0,-71806,-70267,0.430842500670781,0.45364904749128,1.635,1.632
2011_301/334.evt.gz,345,345,298530,298530,0,0,46,50,5000,0,-10927,-11177,-69306,-67767,0.656,0.683,1.635,1.632
2011_301/334.evt.gz,651,651,298530,298530,1,18,68,143,5000,2500,-8427,-8677,-66806,-65267,0.656,0.683,1.635,1.632
2011_301/334.evt.gz,1157,1157,298530,298530,1,203,97,245,5000,5000,-5927,-6177,-64306,-62767,0.656,0.683,1.635,1.632
2011_301/334.evt.gz,2173,2173,298530,298530,1,969,120,298,5000,7500,-3427,-3677,-61806,-60267,0.656,0.683,1.635,1.632
2011_301/334.evt.gz,4024,4024,298530,298530,1,2552,148,337,5000,10000,-927,-1177,-59306,-57767,0.656,0.683,1.635,1.632
2011_301/334.evt.gz,5131,5131,298530,298530,1,3518,156,329,5000,1,0,0,-69305,-67766,0.656,0.683,1.635,1.632
2011_301/334.evt.gz,1497,1497,298530,298530,0,854,93,73,5000,2,0,0,-69304,-67765,0.472766299973169,0.495572846793668,1.635,1.632
2011_301/334.evt.gz,2008,2008,298530,298530,1,1165,100,149,5000,3,0,0,-66806,-65267,0.514690099275557,0.514690099275557,1.635,1.632
2011_301/334.evt.gz,933,933,298530,298530,0,475,73,37,5000,4,0,0,-71806,-70267,0.430842500670781,0.45364904749128,1.635,1.632
2011_301/429.evt.gz,291,291,271358,271358,0,40,39,43,5000,0,-10927,-11177,-69306,-67767,0.656,0.683,1.635,1.632
2011_301/429.evt.gz,620,620,271358,271358,1,152,66,133,5000,2500,-8427,-8677,-66806,-65267,0.656,0.683,1.635,1.632
2011_301/429.evt.gz,1238,1238,271358,271358,2,514,89,251,5000,5000,-5927,-6177,-64306,-62767,0.656,0.683,1.635,1.632
2011_301/429.evt.gz,2387,2387,271358,271358,5,1472,116,330,5000,7500,-3427,-3677,-61806,-60267,0.656,0.683,1.635,1.632
2011_301/429.evt.gz,4172,4172,271358,271358,8,3045,143,380,5000,10000,-927,-1177,-59306,-57767,0.656,0.683,1.635,1.632
2011_301/429.evt.gz,5085,5085,271358,271358,7,3869,155,366,5000,1,0,0,-69305,-67766,0.656,0.683,1.635,1.632
2011_301/429.evt.gz,1584,1584,271358,271358,0,1174,85,61,5000,2,0,0,-69304,-67765,0.472766299973169,0.495572846793668,1.635,1.632
2011_301/429.evt.gz,2098,2098,271358,271358,1,1531,96,137,5000,3,0,0,-66806,-65267,0.514690099275557,0.514690099275557,1.635,1.632
2011_301/429.evt.gz,1047,1047,271358,271358,0,741,72,32,5000,4,0,0,-71806,-70267,0.430842500670781,0.45364904749128,1.635,1.632
2011_301/469.evt.gz,159,159,138696,138696,2,8,32,12,5000,0,-10927,-11177,-69306,-67767,0.656,0.683,1.635,1.632
2011_301/469.evt.gz,334,334,138696,138696,8,54,55,45,5000,2500,-8427,-8677,-66806,-65267,0.656,0.683,1.635,1.632
2011_301/469.evt.gz,668,668,138696,138696,25,212,84,82,5000,5000,-5927,-6177,-64306,-62767,0.656,0.683,1.635,1.632
2011_301/469.evt.gz,1276,1276,138696,138696,32,673,110,113,5000,7500,-3427,-3677,-61806,-60267,0.656,0.683,1.635,1.632
2011_301/469.evt.gz,2290,2290,138696,138696,36,1545,127,136,5000,10000,-927,-1177,-59306,-57767,0.656,0.683,1.635,1.632
2011_301/469.evt.gz,2847,2847,138696,138696,36,2025,135,146,5000,1,0,0,-69305,-67766,0.656,0.683,1.635,1.632
2011_301/469.evt.gz,854,854,138696,138696,2,560,84,17,5000,2,0,0,-69304,-67765,0.472766299973169,0.495572846793668,1.635,1.632
2011_301/469.evt.gz,1134,1134,138696,138696,8,746,91,49,5000,3,0,0,-66806,-65267,0.514690099275557,0.514690099275557,1.635,1.632
2011_301/469.evt.gz,525,525,138696,138696,0,326,62,8,5000,4,0,0,-71806,-70267,0.430842500670781,0.45364904749128,1.635,1.632
2011_302/120.evt.gz,223,223,215188,215188,2,10,26,27,5000,0,-10927,-11177,-69306,-67767,0.656,0.683,1.635,1.632
2011_302/120.evt.gz,473,473,215188,215188,21,57,52,87,5000,2500,-8427,-8677,-66806,-65267,0.656,0.683,1.635,1.632
2011_302/120.evt.gz,948,948,215188,215188,30,343,62,165,5000,5000,-5927,-6177,-64306,-62767,0.656,0.683,1.635,1.632
2011_302/120.evt.gz,1921,1921,215188,215188,37,1152,77,217,5000,7500,-3427,-3677,-61806,-60267,0.656,0.683,1.635,1.632
2011_302/120.evt.gz,3573,3573,215188,215188,37,2624,95,239,5000,10000,-927,-1177,-59306,-57767,0.656,0.683,1.635,1.632
2011_302/120.evt.gz,4409,4409,215188,215188,37,3391,100,226,5000,1,0,0,-69305,-67766,0.656,0.683,1.635,1.632
2011_302/120.evt.gz,1319,1319,215188,215188,2,941,58,48,5000,2,0,0,-69304,-67765,0.472766299973169,0.495572846793668,1.635,1.632
2011_302/120.evt.gz,1757,1757,215188,215188,21,1252,66,84,5000,3,0,0,-66806,-65267,0.514690099275557,0.514690099275557,1.635,1.632
2011_302/120.evt.gz,841,841,215188,215188,0,565,54,24,5000,4,0,0,-71806,-70267,0.430842500670781,0.45364904749128,1.635,1.632
2011_302/140.evt.gz,216,216,213544,213544,0,7,23,22,5000,0,-10927,-11177,-69306,-67767,0.656,0.683,1.635,1.632
2011_302/140.evt.gz,424,424,213544,213544,4,43,40,56,5000,2500,-8427,-8677,-66806,-65267,0.656,0.683,1.635,1.632
2011_302/140.evt.gz,913,913,213544,213544,6,287,55,126,5000,5000,-5927,-6177,-64306,-62767,0.656,0.683,1.635,1.632
2011_302/140.evt.gz,1837,1837,213544,213544,7,1001,85,167,5000,7500,-3427,-3677,-61806,-60267,0.656,0.683,1.635,1.632
2011_302/140.evt.gz,3474,3474,213544,213544,8,2404,106,198,5000,10000,-927,-1177,-59306,-57767,0.656,0.683,1.635,1.632
2011_302/140.evt.gz,4372,4372,213544,213544,8,3167,108,182,5000,1,0,0,-69305,-67766,0.656,0.683,1.635,1.632
2011_302/140.evt.gz,1283,1283,213544,213544,0,854,50,31,5000,2,0,0,-69304,-67765,0.472766299973169,0.495572846793668,1.635,1.632
2011_302/140.evt.gz,1705,1705,213544,213544,4,1138,64,62,5000,3,0,0,-66806,-65267,0.514690099275557,0.514690099275557,1.635,1.632
2011_302/140.evt.gz,825,825,213544,213544,0,514,41,16,5000,4,0,0,-71806,-70267,0.430842500670781,0.45364904749128,1.635,1.632
2011_302/160.evt.gz,216,216,200840,200840,4,2,19,28,5000,0,-10927,-11177,-69306,-67767,0.656,0.683,1.635,1.632
2011_302/160.evt.gz,444,444,200840,200840,10,43,35,96,5000,2500,-8427,-8677,-66806,-65267,0.656,0.683,1.635,1.632
2011_302/160.evt.gz,860,860,200840,200840,16,261,52,158,5000,5000,-5927,-6177,-64306,-62767,0.656,0.683,1.635,1.632
2011_302/160.evt.gz,1735,1735,200840,200840,19,948,81,211,5000,7500,-3427,-3677,-61806,-60267,0.656,0.683,1.635,1.632
2011_302/160.evt.gz,3306,3306,200840,200840,19,2360,98,248,5000,10000,-927,-1177,-59306,-57767,0.656,0.683,1.635,1.632
2011_302/160.evt.gz,4222,4222,200840,200840,19,3249,103,230,5000,1,0,0,-69305,-67766,0.656,0.683,1.635,1.632
2011_302/160.evt.gz,1184,1184,200840,200840,4,794,49,47,5000,2,0,0,-69304,-67765,0.472766299973169,0.495572846793668,1.635,1.632
2011_302/160.evt.gz,1612,1612,200840,200840,10,1098,60,99,5000,3,0,0,-66806,-65267,0.514690099275557,0.514690099275557,1.635,1.632
2011_302/160.evt.gz,743,743,200840,200840,0,457,40,22,5000,4,0,0,-71806,-70267,0.430842500670781,0.45364904749128,1.635,1.632
2011_302/200.evt.gz,241,241,191208,191208,13,0,26,32,5000,0,-10927,-11177,-69306,-67767,0.656,0.683,1.635,1.632
2011_302/200.evt.gz,506,506,191208,191208,57,19,50,74,5000,2500,-8427,-8677,-66806,-65267,0.656,0.683,1.635,1.632
2011_302/200.evt.gz,913,913,191208,191208,80,163,71,151,5000,5000,-5927,-6177,-64306,-62767,0.656,0.683,1.635,1.632
2011_302/200.evt.gz,1756,1756,191208,191208,84,787,87,209,5000,7500,-3427,-3677,-61806,-60267,0.656,0.683,1.635,1.632
2011_302/200.evt.gz,3212,3212,191208,191208,85,2058,101,240,5000,10000,-927,-1177,-59306,-57767,0.656,0.683,1.635,1.632
2011_302/200.evt.gz,4091,4091,191208,191208,85,2877,106,230,5000,1,0,0,-69305,-67766,0.656,0.683,1.635,1.632
2011_302/200.evt.gz,1154,1154,191208,191208,13,673,67,45,5000,2,0,0,-69304,-67765,0.472766299973169,0.495572846793668,1.635,1.632
2011_302/200.evt.gz,1604,1604,191208,191208,56,958,77,81,5000,3,0,0,-66806,-65267,0.514690099275557,0.514690099275557,1.635,1.632
2011_302/200.evt.gz,717,717,191208,191208,0,367,55,29,5000,4,0,0,-71806,-70267,0.430842500670781,0.45364904749128,1.635,1.632
2011_302/240.evt.gz,262,262,165451,165451,13,0,21,32,5000,0,-10927,-11177,-69306,-67767,0.656,0.683,1.635,1.632
2011_302/240.evt.gz,524,524,165451,165451,94,8,38,74,5000,2500,-8427,-8677,-66806,-65267,0.656,0.683,1.635,1.632
2011_302/240.evt.gz,900,900,165451,165451,132,96,64,150,5000,5000,-5927,-6177,-64306,-62767,0.656,0.683,1.635,1.632
2011_302/240.evt.gz,1515,1515,165451,165451,140,503,87,196,5000,7500,-3427,-3677,-61806,-60267,0.656,0.683,1.635,1.632
2011_302/240.evt.gz,2791,2791,165451,165451,145,1594,108,219,5000,10000,-927,-1177,-59306,-57767,0.656,0.683,1.635,1.632
2011_302/240.evt.gz,3521,3521,165451,165451,145,2279,114,215,5000,1,0,0,-69305,-67766,0.656,0.683,1.635,1.632
2011_302/240.evt.gz,911,911,165451,165451,14,444,62,38,5000,2,0,0,-69304,-67765,0.472766299973169,0.495572846793668,1.635,1.632
2011_302/240.evt.gz,1347,1347,165451,165451,92,659,71,81,5000,3,0,0,-66806,-65267,0.514690099275557,0.514690099275557,1.635,1.632
2011_302/240.evt.gz,591,591,165451,165451,0,254,50,22,5000,4,0,0,-71806,-70267,0.430842500670781,0.45364904749128,1.635,1.632
2011_302/280.evt.gz,322,322,152742,152742,0,0,21,67,5000,0,-10927,-11177,-69306,-67767,0.656,0.683,1.635,1.632
2011_302/280.evt.gz,661,661,152742,152742,2,11,41,144,5000,2500,-8427,-8677,-66806,-65267,0.656,0.683,1.635,1.632
2011_302/280.evt.gz,1011,1011,152742,152742,9,93,66,206,5000,5000,-5927,-6177,-64306,-62767,0.656,0.683,1.635,1.632
2011_302/280.evt.gz,1618,1618,152742,152742,19,499,90,246,5000,7500,-3427,-3677,-61806,-60267,0.656,0.683,1.635,1.632
2011_302/280.evt.gz,2773,2773,152742,152742,21,1531,107,261,5000,10000,-927,-1177,-59306,-57767,0.656,0.683,1.635,1.632
2011_302/280.evt.gz,3465,3465,152742,152742,22,2196,112,255,5000,1,0,0,-69305,-67766,0.656,0.683,1.635,1.632
2011_302/280.evt.gz,964,964,152742,152742,0,450,62,86,5000,2,0,0,-69304,-67765,0.472766299973169,0.495572846793668,1.635,1.632
2011_302/280.evt.gz,1427,1427,152742,152742,2,650,75,144,5000,3,0,0,-66806,-65267,0.514690099275557,0.514690099275557,1.635,1.632
2011_302/280.evt.gz,549,549,152742,152742,0,254,45,45,5000,4,0,0,-71806,-70267,0.430842500670781,0.45364904749128,1.635,1.632
2011_302/320.evt.gz,270,270,143701,143701,41,0,16,53,5000,0,-10927,-11177,-69306,-67767,0.656,0.683,1.635,1.632
2011_302/320.evt.gz,525,525,143701,143701,98,9,35,121,5000,2500,-8427,-8677,-66806,-65267,0.656,0.683,1.635,1.632
2011_302/320.evt.gz,796,796,143701,143701,127,82,42,178,5000,5000,-5927,-6177,-64306,-62767,0.656,0.683,1.635,1.632
2011_302/320.evt.gz,1294,1294,143701,143701,139,428,71,205,5000,7500,-3427,-3677,-61806,-60267,0.656,0.683,1.635,1.632
2011_302/320.evt.gz,2386,2386,143701,143701,141,1392,89,225,5000,10000,-927,-1177,-59306,-57767,0.656,0.683,1.635,1.632
2011_302/320.evt.gz,3082,3082,143701,143701,141,2040,93,221,5000,1,0,0,-69305,-67766,0.656,0.683,1.635,1.632
2011_302/320.evt.gz,831,831,143701,143701,43,392,44,71,5000,2,0,0,-69304,-67765,0.472766299973169,0.495572846793668,1.635,1.632
2011_302/320.evt.gz,1180,1180,143701,143701,98,558,54,122,5000,3,0,0,-66806,-65267,0.514690099275557,0.514690099275557,1.635,1.632
2011_302/320.evt.gz,474,474,143701,143701,0,195,36,36,5000,4,0,0,-71806,-70267,0.430842500670781,0.45364904749128,1.635,1.632
2011_302/340.evt.gz,243,243,151553,151553,37,0,14,57,5000,0,-10927,-11177,-69306,-67767,0.656,0.683,1.635,1.632
2011_302/340.evt.gz,506,506,151553,151553,102,13,23,128,5000,2500,-8427,-8677,-66806,-65267,0.656,0.683,1.635,1.632
2011_302/340.evt.gz,844,844,151553,151553,143,107,33,206,5000,5000,-5927,-6177,-64306,-62767,0.656,0.683,1.635,1.632
2011_302/340.evt.gz,1450,1450,151553,151553,149,553,55,239,5000,7500,-3427,-3677,-61806,-60267,0.656,0.683,1.635,1.632
2011_302/340.evt.gz,2680,2680,151553,151553,151,1627,69,272,5000,10000,-927,-1177,-59306,-57767,0.656,0.683,1.635,1.632
2011_302/340.evt.gz,3422,3422,151553,151553,151,2326,72,269,5000,1,0,0,-69305,-67766,0.656,0.683,1.635,1.632
2011_302/340.evt.gz,927,927,151553,151553,37,506,36,80,5000,2,0,0,-69304,-67765,0.472766299973169,0.495572846793668,1.635,1.632
2011_302/340.evt.gz,1318,1318,151553,151553,102,706,43,129,5000,3,0,0,-66806,-65267,0.514690099275557,0.514690099275557,1.635,1.632
2011_302/340.evt.gz,520,520,151553,151553,0,260,26,41,5000,4,0,0,-71806,-70267,0.430842500670781,0.45364904749128,1.635,1.632
2011_302/360.evt.gz,264,264,158969,158969,3,1,40,59,5000,0,-10927,-11177,-69306,-67767,0.656,0.683,1.635,1.632
2011_302/360.evt.gz,478,478,158969,158969,5,8,72,112,5000,2500,-8427,-8677,-66806,-65267,0.656,0.683,1.635,1.632
2011_302/360.evt.gz,803,803,158969,158969,6,112,101,172,5000,5000,-5927,-6177,-64306,-62767,0.656,0.683,1.635,1.632
2011_302/360.evt.gz,1438,1438,158969,158969,6,536,131,209,5000,7500,-3427,-3677,-61806,-60267,0.656,0.683,1.635,1.632
2011_302/360.evt.gz,2694,2694,158969,158969,6,1622,152,233,5000,10000,-927,-1177,-59306,-57767,0.656,0.683,1.635,1.632
2011_302/360.evt.gz,3491,3491,158969,158969,6,2312,161,232,5000,1,0,0,-69305,-67766,0.656,0.683,1.635,1.632
2011_302/360.evt.gz,1010,1010,158969,158969,3,492,95,73,5000,2,0,0,-69304,-67765,0.472766299973169,0.495572846793668,1.635,1.632
2011_302/360.evt.gz,1354,1354,158969,158969,5,692,110,115,5000,3,0,0,-66806,-65267,0.514690099275557,0.514690099275557,1.635,1.632
2011_302/360.evt.gz,626,626,158969,158969,0,257,77,37,5000,4,0,0,-71806,-70267,0.430842500670781,0.45364904749128,1.635,1.632
2011_302/40.evt.gz,258,258,213687,213687,10,14,42,24,5000,0,-10927,-11177,-69306,-67767,0.656,0.683,1.635,1.632
2011_302/40.evt.gz,569,569,213687,213687,83,77,58,81,5000,2500,-8427,-8677,-66806,-65267,0.656,0.683,1.635,1.632
2011_302/40.evt.gz,1168,1168,213687,213687,163,384,81,146,5000,5000,-5927,-6177,-64306,-62767,0.656,0.683,1.635,1.632
2011_302/40.evt.gz,2184,2184,213687,213687,203,1192,105,193,5000,7500,-3427,-3677,-61806,-60267,0.656,0.683,1.635,1.632
2011_302/40.evt.gz,3867,3867,213687,213687,221,2723,124,218,5000,10000,-927,-1177,-59306,-57767,0.656,0.683,1.635,1.632
2011_302/40.evt.gz,4677,4677,213687,213687,223,3511,132,197,5000,1,0,0,-69305,-67766,0.656,0.683,1.635,1.632
2011_302/40.evt.gz,1369,1369,213687,213687,11,956,76,37,5000,2,0,0,-69304,-67765,0.472766299973169,0.495572846793668,1.635,1.632
2011_302/40.evt.gz,1869,1869,213687,213687,81,1266,88,84,5000,3,0,0,-66806,-65267,0.514690099275557,0.514690099275557,1.635,1.632
2011_302/40.evt.gz,892,892,213687,213687,0,608,61,14,5000,4,0,0,-71806,-70267,0.430842500670781,0.45364904749128,1.635,1.632
2011_302/400.evt.gz,248,248,150384,150384,17,5,42,38,5000,0,-10927,-11177,-69306,-67767,0.656,0.683,1.635,1.632
2011_302/400.evt.gz,474,474,150384,150384,36,32,72,112,5000,2500,-8427,-8677,-66806,-65267,0.656,0.683,1.635,1.632
2011_302/400.evt.gz,823,823,150384,150384,41,185,109,192,5000,5000,-5927,-6177,-64306,-62767,0.656,0.683,1.635,1.632
2011_302/400.evt.gz,1480,1480,150384,150384,47,700,145,231,5000,7500,-3427,-3677,-61806,-60267,0.656,0.683,1.635,1.632
2011_302/400.evt.gz,2634,2634,150384,150384,47,1738,178,250,5000,10000,-927,-1177,-59306,-57767,0.656,0.683,1.635,1.632
2011_302/400.evt.gz,3344,3344,150384,150384,48,2399,193,238,5000,1,0,0,-69305,-67766,0.656,0.683,1.635,1.632
2011_302/400.evt.gz,989,989,150384,150384,18,591,100,60,5000,2,0,0,-69304,-67765,0.472766299973169,0.495572846793668,1.635,1.632
2011_302/400.evt.gz,1374,1374,150384,150384,37,822,124,117,5000,3,0,0,-66806,-65267,0.514690099275557,0.514690099275557,1.635,1.632
2011_302/400.evt.gz,607,607,150384,150384,1,327,82,27,5000,4,0,0,-71806,-70267,0.430842500670781,0.45364904749128,1.635,1.632
2011_302/438.evt.gz,94,94,56964,56964,1,1,17,16,5000,0,-10927,-11177,-69306,-67767,0.656,0.683,1.635,1.632
2011_302/438.evt.gz,173,173,56964,56964,1,12,31,37,5000,2500,-8427,-8677,-66806,-65267,0.656,0.683,1.635,1.632
2011_302/438.evt.gz,307,307,56964,56964,1,91,46,52,5000,5000,-5927,-6177,-64306,-62767,0.656,0.683,1.635,1.632
2011_302/438.evt.gz,568,568,56964,56964,1,314,59,62,5000,7500,-3427,-3677,-61806,-60267,0.656,0.683,1.635,1.632
2011_302/438.evt.gz,1026,1026,56964,56964,1,739,63,67,5000,10000,-927,-1177,-59306,-57767,0.656,0.683,1.635,1.632
2011_302/438.evt.gz,1265,1265,56964,56964,1,970,67,65,5000,1,0,0,-69305,-67766,0.656,0.683,1.635,1.632
2011_302/438.evt.gz,418,418,56964,56964,1,269,43,21,5000,2,0,0,-69304,-67765,0.472766299973169,0.495572846793668,1.635,1.632
2011_302/438.evt.gz,549,549,56964,56964,1,360,47,36,5000,3,0,0,-66806,-65267,0.514690099275557,0.514690099275557,1.635,1.632
2011_302/438.evt.gz,254,254,56964,56964,1,153,33,9,5000,4,0,0,-71806,-70267,0.430842500670781,0.45364904749128,1.635,1.632
2011_302/470.evt.gz,111,111,88037,88037,0,7,16,28,5000,0,-10927,-11177,-69306,-67767,0.656,0.683,1.635,1.632
2011_302/470.evt.gz,222,222,88037,88037,0,45,25,61,5000,2500,-8427,-8677,-66806,-65267,0.656,0.683,1.635,1.632
2011_302/470.evt.gz,434,434,88037,88037,0,198,32,88,5000,5000,-5927,-6177,-64306,-62767,0.656,0.683,1.635,1.632
2011_302/470.evt.gz,908,908,88037,88037,0,627,41,104,5000,7500,-3427,-3677,-61806,-60267,0.656,0.683,1.635,1.632
2011_302/470.evt.gz,1607,1607,88037,88037,0,1285,45,110,5000,10000,-927,-1177,-59306,-57767,0.656,0.683,1.635,1.632
2011_302/470.evt.gz,1935,1935,88037,88037,0,1577,46,105,5000,1,0,0,-69305,-67766,0.656,0.683,1.635,1.632
2011_302/470.evt.gz,634,634,88037,88037,0,487,32,31,5000,2,0,0,-69304,-67765,0.472766299973169,0.495572846793668,1.635,1.632
2011_302/470.evt.gz,832,832,88037,88037,0,633,34,62,5000,3,0,0,-66806,-65267,0.514690099275557,0.514690099275557,1.635,1.632
2011_302/470.evt.gz,418,418,88037,88037,0,318,23,14,5000,4,0,0,-71806,-70267,0.430842500670781,0.45364904749128,1.635,1.632
2011_302/80.evt.gz,301,301,269760,269760,45,16,43,28,5000,0,-10927,-11177,-69306,-67767,0.656,0.683,1.635,1.632
2011_302/80.evt.gz,776,776,269760,269760,259,99,68,92,5000,2500,-8427,-8677,-66806,-65267,0.656,0.683,1.635,1.632
2011_302/80.evt.gz,1542,1542,269760,269760,425,488,95,181,5000,5000,-5927,-6177,-64306,-62767,0.656,0.683,1.635,1.632
2011_302/80.evt.gz,2793,2793,269760,269760,555,1427,117,259,5000,7500,-3427,-3677,-61806,-60267,0.656,0.683,1.635,1.632
2011_302/80.evt.gz,4571,4571,269760,269760,610,2952,145,324,5000,10000,-927,-1177,-59306,-57767,0.656,0.683,1.635,1.632
2011_302/80.evt.gz,5408,5408,269760,269760,621,3756,154,262,5000,1,0,0,-69305,-67766,0.656,0.683,1.635,1.632
2011_302/80.evt.gz,1619,1619,269760,269760,45,1176,94,33,5000,2,0,0,-69304,-67765,0.472766299973169,0.495572846793668,1.635,1.632
2011_302/80.evt.gz,2270,2270,269760,269760,254,1503,100,92,5000,3,0,0,-66806,-65267,0.514690099275557,0.514690099275557,1.635,1.632
2011_302/80.evt.gz,1025,1025,269760,269760,0,741,76,14,5000,4,0,0,-71806,-70267,0.430842500670781,0.45364904749128,1.635,1.632
2011_303/140.evt.gz,239,239,220384,220384,12,3,26,53,5000,0,-10927,-11177,-69306,-67767,0.656,0.683,1.635,1.632
2011_303/140.evt.gz,456,456,220384,220384,22,41,31,111,5000,2500,-8427,-8677,-66806,-65267,0.656,0.683,1.635,1.632
2011_303/140.evt.gz,830,830,220384,220384,27,263,42,159,5000,5000,-5927,-6177,-64306,-62767,0.656,0.683,1.635,1.632
2011_303/140.evt.gz,1579,1579,220384,220384,29,886,49,180,5000,7500,-3427,-3677,-61806,-60267,0.656,0.683,1.635,1.632
2011_303/140.evt.gz,2912,2912,220384,220384,30,2025,57,204,5000,10000,-927,-1177,-59306,-57767,0.656,0.683,1.635,1.632
2011_303/140.evt.gz,3624,3624,220384,220384,30,2631,63,192,5000,1,0,0,-69305,-67766,0.656,0.683,1.635,1.632
2011_303/140.evt.gz,1123,1123,220384,220384,12,729,38,68,5000,2,0,0,-69304,-67765,0.472766299973169,0.495572846793668,1.635,1.632
2011_303/140.evt.gz,1492,1492,220384,220384,22,971,44,112,5000,3,0,0,-66806,-65267,0.514690099275557,0.514690099275557,1.635,1.632
2011_303/140.evt.gz,730,730,220384,220384,0,466,33,31,5000,4,0,0,-71806,-70267,0.430842500670781,0.45364904749128,1.635,1.632
2011_303/340.evt.gz,274,274,151913,151913,21,1,18,62,5000,0,-10927,-11177,-69306,-67767,0.656,0.683,1.635,1.632
2011_303/340.evt.gz,459,459,151913,151913,31,13,31,113,5000,2500,-8427,-8677,-66806,-65267,0.656,0.683,1.635,1.632
2011_303/340.evt.gz,674,674,151913,151913,34,70,45,165,5000,5000,-5927,-6177,-64306,-62767,0.656,0.683,1.635,1.632
2011_303/340.evt.gz,1082,1082,151913,151913,35,330,62,196,5000,7500,-3427,-3677,-61806,-60267,0.656,0.683,1.635,1.632
2011_303/340.evt.gz,1954,1954,151913,151913,35,1069,77,216,5000,10000,-927,-1177,-59306,-57767,0.656,0.683,1.635,1.632
2011_303/340.evt.gz,2504,2504,151913,151913,35,1577,84,215,5000,1,0,0,-69305,-67766,0.656,0.683,1.635,1.632
2011_303/340.evt.gz,759,759,151913,151913,21,304,47,75,5000,2,0,0,-69304,-67765,0.472766299973169,0.495572846793668,1.635,1.632
2011_303/340.evt.gz,1029,1029,151913,151913,31,455,55,116,5000,3,0,0,-66806,-65267,0.514690099275557,0.514690099275557,1.635,1.632
2011_303/340.evt.gz,473,473,151913,151913,0,159,40,37,5000,4,0,0,-71806,-70267,0.430842500670781,0.45364904749128,1.635,1.632
2011_303/40.evt.gz,241,241,172419,172419,0,12,39,37,5000,0,-10927,-11177,-69306,-67767,0.656,0.683,1.635,1.632
2011_303/40.evt.gz,474,474,172419,172419,0,90,57,93,5000,2500,-8427,-8677,-66806,-65267,0.656,0.683,1.635,1.632
2011_303/40.evt.gz,943,943,172419,172419,0,420,72,153,5000,5000,-5927,-6177,-64306,-62767,0.656,0.683,1.635,1.632
2011_303/40.evt.gz,1737,1737,172419,172419,0,1123,85,173,5000,7500,-3427,-3677,-61806,-60267,0.656,0.683,1.635,1.632
2011_303/40.evt.gz,3061,3061,172419,172419,0,2358,94,192,5000,10000,-927,-1177,-59306,-57767,0.656,0.683,1.635,1.632
2011_303/40.evt.gz,3763,3763,172419,172419,0,3040,98,187,5000,1,0,0,-69305,-67766,0.656,0.683,1.635,1.632
2011_303/40.evt.gz,1275,1275,172419,172419,0,932,66,46,5000,2,0,0,-69304,-67765,0.472766299973169,0.495572846793668,1.635,1.632
2011_303/40.evt.gz,1637,1637,172419,172419,0,1199,76,95,5000,3,0,0,-66806,-65267,0.514690099275557,0.514690099275557,1.635,1.632
2011_303/40.evt.gz,861,861,172419,172419,0,603,59,15,5000,4,0,0,-71806,-70267,0.430842500670781,0.45364904749128,1.635,1.632
2011_303/475.evt.gz,101,101,55661,55661,64,4,7,11,5000,0,-10927,-11177,-69306,-67767,0.656,0.683,1.635,1.632
2011_303/475.evt.gz,176,176,55661,55661,99,23,7,23,5000,2500,-8427,-8677,-66806,-65267,0.656,0.683,1.635,1.632
2011_303/475.evt.gz,278,278,55661,55661,116,89,12,26,5000,5000,-5927,-6177,-64306,-62767,0.656,0.683,1.635,1.632
2011_303/475.evt.gz,492,492,55661,55661,123,279,15,30,5000,7500,-3427,-3677,-61806,-60267,0.656,0.683,1.635,1.632
2011_303/475.evt.gz,768,768,55661,55661,127,527,15,36,5000,10000,-927,-1177,-59306,-57767,0.656,0.683,1.635,1.632
2011_303/475.evt.gz,921,921,55661,55661,127,670,17,35,5000,1,0,0,-69305,-67766,0.656,0.683,1.635,1.632
2011_303/475.evt.gz,337,337,55661,55661,64,224,11,13,5000,2,0,0,-69304,-67765,0.472766299973169,0.495572846793668,1.635,1.632
2011_303/475.evt.gz,457,457,55661,55661,99,290,11,23,5000,3,0,0,-66806,-65267,0.514690099275557,0.514690099275557,1.635,1.632
2011_303/475.evt.gz,178,178,55661,55661,5,141,9,6,5000,4,0,0,-71806,-70267,0.430842500670781,0.45364904749128,1.635,1.632
2011_304/140.evt.gz,355,355,275853,275853,136,6,18,39,5000,0,-10927,-11177,-69306,-67767,0.656,0.683,1.635,1.632
2011_304/140.evt.gz,635,635,275853,275853,201,58,31,86,5000,2500,-8427,-8677,-66806,-65267,0.656,0.683,1.635,1.632
2011_304/140.evt.gz,1156,1156,275853,275853,230,388,40,129,5000,5000,-5927,-6177,-64306,-62767,0.656,0.683,1.635,1.632
2011_304/140.evt.gz,2523,2523,275853,275853,242,1601,46,150,5000,7500,-3427,-3677,-61806,-60267,0.656,0.683,1.635,1.632
2011_304/140.evt.gz,4758,4758,275853,275853,246,3604,59,159,5000,10000,-927,-1177,-59306,-57767,0.656,0.683,1.635,1.632
2011_304/140.evt.gz,5875,5875,275853,275853,245,4568,67,154,5000,1,0,0,-69305,-67766,0.656,0.683,1.635,1.632
2011_304/140.evt.gz,1822,1822,275853,275853,137,1315,38,44,5000,2,0,0,-69304,-67765,0.472766299973169,0.495572846793668,1.635,1.632
2011_304/140.evt.gz,2476,2476,275853,275853,201,1782,42,82,5000,3,0,0,-66806,-65267,0.514690099275557,0.514690099275557,1.635,1.632
2011_304/140.evt.gz,1028,1028,275853,275853,6,789,29,9,5000,4,0,0,-71806,-70267,0.430842500670781,0.45364904749128,1.635,1.632
2011_304/340.evt.gz,344,344,230997,230997,66,0,13,87,5000,0,-10927,-11177,-69306,-67767,0.656,0.683,1.635,1.632
2011_304/340.evt.gz,598,598,230997,230997,125,19,27,144,5000,2500,-8427,-8677,-66806,-65267,0.656,0.683,1.635,1.632
2011_304/340.evt.gz,895,895,230997,230997,158,107,43,184,5000,5000,-5927,-6177,-64306,-62767,0.656,0.683,1.635,1.632
2011_304/340.evt.gz,1532,1532,230997,230997,188,564,54,210,5000,7500,-3427,-3677,-61806,-60267,0.656,0.683,1.635,1.632
2011_304/340.evt.gz,3030,3030,230997,230997,212,1869,69,227,5000,10000,-927,-1177,-59306,-57767,0.656,0.683,1.635,1.632
2011_304/340.evt.gz,3932,3932,230997,230997,179,2725,75,231,5000,1,0,0,-69305,-67766,0.656,0.683,1.635,1.632
2011_304/340.evt.gz,1055,1055,230997,230997,66,520,44,102,5000,2,0,0,-69304,-67765,0.472766299973169,0.495572846793668,1.635,1.632
2011_304/340.evt.gz,1481,1481,230997,230997,125,756,49,148,5000,3,0,0,-66806,-65267,0.514690099275557,0.514690099275557,1.635,1.632
2011_304/340.evt.gz,597,597,230997,230997,5,253,36,50,5000,4,0,0,-71806,-70267,0.430842500670781,0.45364904749128,1.635,1.632
2011_304/439.evt.gz,353,353,395752,395752,117,10,6,57,5000,0,-10927,-11177,-69306,-67767,0.656,0.683,1.635,1.632
2011_304/439.evt.gz,682,682,395752,395752,193,107,16,118,5000,2500,-8427,-8677,-66806,-65267,0.656,0.683,1.635,1.632
2011_304/439.evt.gz,1320,1320,395752,395752,234,570,24,161,5000,5000,-5927,-6177,-64306,-62767,0.656,0.683,1.635,1.632
2011_304/439.evt.gz,2590,2590,395752,395752,251,1673,35,193,5000,7500,-3427,-3677,-61806,-60267,0.656,0.683,1.635,1.632
2011_304/439.evt.gz,4462,4462,395752,395752,267,3372,49,218,5000,10000,-927,-1177,-59306,-57767,0.656,0.683,1.635,1.632
2011_304/439.evt.gz,5422,5422,395752,395752,258,4299,55,209,5000,1,0,0,-69305,-67766,0.656,0.683,1.635,1.632
2011_304/439.evt.gz,1865,1865,395752,395752,117,1406,23,65,5000,2,0,0,-69304,-67765,0.472766299973169,0.495572846793668,1.635,1.632
2011_304/439.evt.gz,2466,2466,395752,395752,193,1815,28,119,5000,3,0,0,-66806,-65267,0.514690099275557,0.514690099275557,1.635,1.632
2011_304/439.evt.gz,1140,1140,395752,395752,14,894,20,14,5000,4,0,0,-71806,-70267,0.430842500670781,0.45364904749128,1.635,1.632
2011_304/479.evt.gz,237,237,197011,197011,30,8,24,48,5000,0,-10927,-11177,-69306,-67767,0.656,0.683,1.635,1.632
2011_304/479.evt.gz,467,467,197011,197011,59,96,33,81,5000,2500,-8427,-8677,-66806,-65267,0.656,0.683,1.635,1.632
2011_304/479.evt.gz,963,963,197011,197011,65,491,48,100,5000,5000,-5927,-6177,-64306,-62767,0.656,0.683,1.635,1.632
2011_304/479.evt.gz,1987,1987,197011,197011,77,1420,61,109,5000,7500,-3427,-3677,-61806,-60267,0.656,0.683,1.635,1.632
2011_304/479.evt.gz,3442,3442,197011,197011,88,2758,68,123,5000,10000,-927,-1177,-59306,-57767,0.656,0.683,1.635,1.632
2011_304/479.evt.gz,4184,4184,197011,197011,92,3445,72,113,5000,1,0,0,-69305,-67766,0.656,0.683,1.635,1.632
2011_304/479.evt.gz,1499,1499,197011,197011,30,1163,41,56,5000,2,0,0,-69304,-67765,0.472766299973169,0.495572846793668,1.635,1.632
2011_304/479.evt.gz,1940,1940,197011,197011,59,1504,45,82,5000,3,0,0,-66806,-65267,0.514690099275557,0.514690099275557,1.635,1.632
2011_304/479.evt.gz,933,933,197011,197011,2,726,32,24,5000,4,0,0,-71806,-70267,0.430842500670781,0.45364904749128,1.635,1.632
2011_305/120.evt.gz,333,333,298089,298089,36,5,31,63,5000,0,-10927,-11177,-69306,-67767,0.656,0.683,1.635,1.632
2011_305/120.evt.gz,601,601,298089,298089,55,114,38,106,5000,2500,-8427,-8677,-66806,-65267,0.656,0.683,1.635,1.632
2011_305/120.evt.gz,1302,1302,298089,298089,66,658,55,148,5000,5000,-5927,-6177,-64306,-62767,0.656,0.683,1.635,1.632
2011_305/120.evt.gz,2692,2692,298089,298089,82,1875,70,178,5000,7500,-3427,-3677,-61806,-60267,0.656,0.683,1.635,1.632
2011_305/120.evt.gz,4792,4792,298089,298089,88,3807,90,197,5000,10000,-927,-1177,-59306,-57767,0.656,0.683,1.635,1.632
2011_305/120.evt.gz,5810,5810,298089,298089,88,4749,96,185,5000,1,0,0,-69305,-67766,0.656,0.683,1.635,1.632
2011_305/120.evt.gz,2033,2033,298089,298089,36,1553,52,68,5000,2,0,0,-69304,-67765,0.472766299973169,0.495572846793668,1.635,1.632
2011_305/120.evt.gz,2596,2596,298089,298089,55,1995,55,111,5000,3,0,0,-66806,-65267,0.514690099275557,0.514690099275557,1.635,1.632
2011_305/120.evt.gz,1301,1301,298089,298089,1,989,42,24,5000,4,0,0,-71806,-70267,0.430842500670781,0.45364904749128,1.635,1.632
2011_305/140.evt.gz,250,250,290391,290391,23,6,13,30,5000,0,-10927,-11177,-69306,-67767,0.656,0.683,1.635,1.632
2011_305/140.evt.gz,525,525,290391,290391,36,89,27,84,5000,2500,-8427,-8677,-66806,-65267,0.656,0.683,1.635,1.632
2011_305/140.evt.gz,1097,1097,290391,290391,40,485,44,125,5000,5000,-5927,-6177,-64306,-62767,0.656,0.683,1.635,1.632
2011_305/140.evt.gz,2465,2465,290391,290391,44,1694,53,145,5000,7500,-3427,-3677,-61806,-60267,0.656,0.683,1.635,1.632
2011_305/140.evt.gz,4674,4674,290391,290391,45,3667,65,158,5000,10000,-927,-1177,-59306,-57767,0.656,0.683,1.635,1.632
2011_305/140.evt.gz,5798,5798,290391,290391,45,4650,73,154,5000,1,0,0,-69305,-67766,0.656,0.683,1.635,1.632
2011_305/140.evt.gz,1868,1868,290391,290391,23,1431,42,36,5000,2,0,0,-69304,-67765,0.472766299973169,0.495572846793668,1.635,1.632
2011_305/140.evt.gz,2463,2463,290391,290391,36,1875,48,84,5000,3,0,0,-66806,-65267,0.514690099275557,0.514690099275557,1.635,1.632
2011_305/140.evt.gz,1156,1156,290391,290391,1,867,31,12,5000,4,0,0,-71806,-70267,0.430842500670781,0.45364904749128,1.635,1.632
2011_305/160.evt.gz,240,240,274819,274819,18,1,19,48,5000,0,-10927,-11177,-69306,-67767,0.656,0.683,1.635,1.632
2011_305/160.evt.gz,437,437,274819,274819,38,41,26,95,5000,2500,-8427,-8677,-66806,-65267,0.656,0.683,1.635,1.632
2011_305/160.evt.gz,914,914,274819,274819,45,359,41,136,5000,5000,-5927,-6177,-64306,-62767,0.656,0.683,1.635,1.632
2011_305/160.evt.gz,2109,2109,274819,274819,48,1409,65,162,5000,7500,-3427,-3677,-61806,-60267,0.656,0.683,1.635,1.632
2011_305/160.evt.gz,4238,4238,274819,274819,53,3395,83,176,5000,10000,-927,-1177,-59306,-57767,0.656,0.683,1.635,1.632
2011_305/160.evt.gz,5417,5417,274819,274819,54,4515,88,178,5000,1,0,0,-69305,-67766,0.656,0.683,1.635,1.632
2011_305/160.evt.gz,1612,1612,274819,274819,18,1234,41,54,5000,2,0,0,-69304,-67765,0.472766299973169,0.495572846793668,1.635,1.632
2011_305/160.evt.gz,2123,2123,274819,274819,38,1620,46,96,5000,3,0,0,-66806,-65267,0.514690099275557,0.514690099275557,1.635,1.632
2011_305/160.evt.gz,963,963,274819,274819,0,724,30,13,5000,4,0,0,-71806,-70267,0.430842500670781,0.45364904749128,1.635,1.632
2011_305/200.evt.gz,280,280,295276,295276,18,0,14,43,5000,0,-10927,-11177,-69306,-67767,0.656,0.683,1.635,1.632
2011_305/200.evt.gz,523,523,295276,295276,31,24,29,94,5000,2500,-8427,-8677,-66806,-65267,0.656,0.683,1.635,1.632
2011_305/200.evt.gz,938,938,295276,295276,34,225,38,138,5000,5000,-5927,-6177,-64306,-62767,0.656,0.683,1.635,1.632
2011_305/200.evt.gz,2258,2258,295276,295276,39,1328,56,160,5000,7500,-3427,-3677,-61806,-60267,0.656,0.683,1.635,1.632
2011_305/200.evt.gz,4824,4824,295276,295276,39,3667,79,172,5000,10000,-927,-1177,-59306,-57767,0.656,0.683,1.635,1.632
2011_305/200.evt.gz,6309,6309,295276,295276,39,5069,86,166,5000,1,0,0,-69305,-67766,0.656,0.683,1.635,1.632
2011_305/200.evt.gz,1739,1739,295276,295276,18,1211,35,52,5000,2,0,0,-69304,-67765,0.472766299973169,0.495572846793668,1.635,1.632
2011_305/200.evt.gz,2388,2388,295276,295276,31,1690,41,98,5000,3,0,0,-66806,-65267,0.514690099275557,0.514690099275557,1.635,1.632
2011_305/200.evt.gz,1018,1018,295276,295276,2,650,28,23,5000,4,0,0,-71806,-70267,0.430842500670781,0.45364904749128,1.635,1.632
2011_305/240.evt.gz,303,303,247444,247444,26,0,24,54,5000,0,-10927,-11177,-69306,-67767,0.656,0.683,1.635,1.632
2011_305/240.evt.gz,501,501,247444,247444,38,13,38,99,5000,2500,-8427,-8677,-66806,-65267,0.656,0.683,1.635,1.632
2011_305/240.evt.gz,845,845,247444,247444,45,143,58,130,5000,5000,-5927,-6177,-64306,-62767,0.656,0.683,1.635,1.632
2011_305/240.evt.gz,1732,1732,247444,247444,49,839,73,152,5000,7500,-3427,-3677,-61806,-60267,0.656,0.683,1.635,1.632
2011_305/240.evt.gz,3743,3743,247444,247444,51,2678,84,173,5000,10000,-927,-1177,-59306,-57767,0.656,0.683,1.635,1.632
2011_305/240.evt.gz,4962,4962,247444,247444,51,3810,92,166,5000,1,0,0,-69305,-67766,0.656,0.683,1.635,1.632
2011_305/240.evt.gz,1332,1332,247444,247444,26,781,54,66,5000,2,0,0,-69304,-67765,0.472766299973169,0.495572846793668,1.635,1.632
2011_305/240.evt.gz,1800,1800,247444,247444,38,1117,64,97,5000,3,0,0,-66806,-65267,0.514690099275557,0.514690099275557,1.635,1.632
2011_305/240.evt.gz,755,755,247444,247444,0,395,44,24,5000,4,0,0,-71806,-70267,0.430842500670781,0.45364904749128,1.635,1.632
2011_305/279.evt.gz,295,295,212468,212468,22,0,17,51,5000,0,-10927,-11177,-69306,-67767,0.656,0.683,1.635,1.632
2011_305/279.evt.gz,491,491,212468,212468,31,3,30,112,5000,2500,-8427,-8677,-66806,-65267,0.656,0.683,1.635,1.632
2011_305/279.evt.gz,791,791,212468,212468,37,96,47,156,5000,5000,-5927,-6177,-64306,-62767,0.656,0.683,1.635,1.632
2011_305/279.evt.gz,1453,1453,212468,212468,41,589,57,174,5000,7500,-3427,-3677,-61806,-60267,0.656,0.683,1.635,1.632
2011_305/279.evt.gz,3042,3042,212468,212468,42,1954,79,201,5000,10000,-927,-1177,-59306,-57767,0.656,0.683,1.635,1.632
2011_305/279.evt.gz,4072,4072,212468,212468,42,2853,86,194,5000,1,0,0,-69305,-67766,0.656,0.683,1.635,1.632
2011_305/279.evt.gz,1076,1076,212468,212468,22,552,48,68,5000,2,0,0,-69304,-67765,0.472766299973169,0.495572846793668,1.635,1.632
2011_305/279.evt.gz,1504,1504,212468,212468,31,822,51,117,5000,3,0,0,-66806,-65267,0.514690099275557,0.514690099275557,1.635,1.632
2011_305/279.evt.gz,662,662,212468,212468,2,286,36,37,5000,4,0,0,-71806,-70267,0.430842500670781,0.45364904749128,1.635,1.632
2011_305/319.evt.gz,293,293,204479,204479,39,1,15,48,5000,0,-10927,-11177,-69306,-67767,0.656,0.683,1.635,1.632
2011_305/319.evt.gz,540,540,204479,204479,67,22,23,112,5000,2500,-8427,-8677,-66806,-65267,0.656,0.683,1.635,1.632
2011_305/319.evt.gz,827,827,204479,204479,87,126,42,143,5000,5000,-5927,-6177,-64306,-62767,0.656,0.683,1.635,1.632
2011_305/319.evt.gz,1480,1480,204479,204479,96,576,60,169,5000,7500,-3427,-3677,-61806,-60267,0.656,0.683,1.635,1.632
2011_305/319.evt.gz,3010,3010,204479,204479,96,1911,81,193,5000,10000,-927,-1177,-59306,-57767,0.656,0.683,1.635,1.632
2011_305/319.evt.gz,3932,3932,204479,204479,98,2756,83,189,5000,1,0,0,-69305,-67766,0.656,0.683,1.635,1.632
2011_305/319.evt.gz,1027,1027,204479,204479,39,531,41,61,5000,2,0,0,-69304,-67765,0.472766299973169,0.495572846793668,1.635,1.632
2011_305/319.evt.gz,1421,1421,204479,204479,67,769,49,116,5000,3,0,0,-66806,-65267,0.514690099275557,0.514690099275557,1.635,1.632
2011_305/319.evt.gz,624,624,204479,204479,8,283,33,25,5000,4,0,0,-71806,-70267,0.430842500670781,0.45364904749128,1.635,1.632
2011_305/359.evt.gz,304,304,201491,201491,36,0,8,74,5000,0,-10927,-11177,-69306,-67767,0.656,0.683,1.635,1.632
2011_305/359.evt.gz,529,529,201491,201491,52,10,18,135,5000,2500,-8427,-8677,-66806,-65267,0.656,0.683,1.635,1.632
2011_305/359.evt.gz,838,838,201491,201491,75,103,35,182,5000,5000,-5927,-6177,-64306,-62767,0.656,0.683,1.635,1.632
2011_305/359.evt.gz,1557,1557,201491,201491,98,615,46,200,5000,7500,-3427,-3677,-61806,-60267,0.656,0.683,1.635,1.632
2011_305/359.evt.gz,3134,3134,201491,201491,105,2005,60,215,5000,10000,-927,-1177,-59306,-57767,0.656,0.683,1.635,1.632
2011_305/359.evt.gz,4148,4148,201491,201491,106,2946,70,215,5000,1,0,0,-69305,-67766,0.656,0.683,1.635,1.632
2011_305/359.evt.gz,1076,1076,201491,201491,36,545,37,84,5000,2,0,0,-69304,-67765,0.472766299973169,0.495572846793668,1.635,1.632
2011_305/359.evt.gz,1501,1501,201491,201491,52,823,39,134,5000,3,0,0,-66806,-65267,0.514690099275557,0.514690099275557,1.635,1.632
2011_305/359.evt.gz,640,640,201491,201491,1,284,27,39,5000,4,0,0,-71806,-70267,0.430842500670781,0.45364904749128,1.635,1.632
2011_305/40.evt.gz,309,309,360020,360020,48,30,27,55,5000,0,-10927,-11177,-69306,-67767,0.656,0.683,1.635,1.632
2011_305/40.evt.gz,665,665,360020,360020,83,210,42,112,5000,2500,-8427,-8677,-66806,-65267,0.656,0.683,1.635,1.632
2011_305/40.evt.gz,1496,1496,360020,360020,104,899,53,155,5000,5000,-5927,-6177,-64306,-62767,0.656,0.683,1.635,1.632
2011_305/40.evt.gz,3050,3050,360020,360020,122,2311,67,189,5000,7500,-3427,-3677,-61806,-60267,0.656,0.683,1.635,1.632
2011_305/40.evt.gz,5217,5217,360020,360020,144,4336,79,216,5000,10000,-927,-1177,-59306,-57767,0.656,0.683,1.635,1.632
2011_305/40.evt.gz,6260,6260,360020,360020,151,5354,80,187,5000,1,0,0,-69305,-67766,0.656,0.683,1.635,1.632
2011_305/40.evt.gz,2285,2285,360020,360020,48,1895,50,63,5000,2,0,0,-69304,-67765,0.472766299973169,0.495572846793668,1.635,1.632
2011_305/40.evt.gz,2906,2906,360020,360020,83,2374,58,113,5000,3,0,0,-66806,-65267,0.514690099275557,0.514690099275557,1.635,1.632
2011_305/40.evt.gz,1487,1487,360020,360020,2,1262,39,18,5000,4,0,0,-71806,-70267,0.430842500670781,0.45364904749128,1.635,1.632
2011_305/418.evt.gz,356,356,263042,263042,118,6,18,46,5000,0,-10927,-11177,-69306,-67767,0.656,0.683,1.635,1.632
2011_305/418.evt.gz,708,708,263042,263042,205,89,24,108,5000,2500,-8427,-8677,-66806,-65267,0.656,0.683,1.635,1.632
2011_305/418.evt.gz,1308,1308,263042,263042,256,478,35,160,5000,5000,-5927,-6177,-64306,-62767,0.656,0.683,1.635,1.632
2011_305/418.evt.gz,2559,2559,263042,263042,294,1530,48,180,5000,7500,-3427,-3677,-61806,-60267,0.656,0.683,1.635,1.632
2011_305/418.evt.gz,4501,4501,263042,263042,315,3212,59,195,5000,10000,-927,-1177,-59306,-57767,0.656,0.683,1.635,1.632
2011_305/418.evt.gz,5376,5376,263042,263042,278,3969,66,193,5000,1,0,0,-69305,-67766,0.656,0.683,1.635,1.632
2011_305/418.evt.gz,1782,1782,263042,263042,118,1282,33,50,5000,2,0,0,-69304,-67765,0.472766299973169,0.495572846793668,1.635,1.632
2011_305/418.evt.gz,2364,2364,263042,263042,205,1637,38,113,5000,3,0,0,-66806,-65267,0.514690099275557,0.514690099275557,1.635,1.632
2011_305/418.evt.gz,1069,1069,263042,263042,17,782,30,15,5000,4,0,0,-71806,-70267,0.430842500670781,0.45364904749128,1.635,1.632
2011_305/458.evt.gz,159,159,83168,83168,92,2,3,20,5000,0,-10927,-11177,-69306,-67767,0.656,0.683,1.635,1.632
2011_305/458.evt.gz,287,287,83168,83168,147,28,5,37,5000,2500,-8427,-8677,-66806,-65267,0.656,0.683,1.635,1.632
2011_305/458.evt.gz,528,528,83168,83168,192,175,7,53,5000,5000,-5927,-6177,-64306,-62767,0.656,0.683,1.635,1.632
2011_305/458.evt.gz,976,976,83168,83168,207,532,11,66,5000,7500,-3427,-3677,-61806,-60267,0.656,0.683,1.635,1.632
2011_305/458.evt.gz,1542,1542,83168,83168,212,1010,12,69,5000,10000,-927,-1177,-59306,-57767,0.656,0.683,1.635,1.632
2011_305/458.evt.gz,1838,1838,83168,83168,211,1250,12,69,5000,1,0,0,-69305,-67766,0.656,0.683,1.635,1.632
2011_305/458.evt.gz,628,628,83168,83168,92,428,7,21,5000,2,0,0,-69304,-67765,0.472766299973169,0.495572846793668,1.635,1.632
2011_305/458.evt.gz,842,842,83168,83168,147,552,7,39,5000,3,0,0,-66806,-65267,0.514690099275557,0.514690099275557,1.635,1.632
2011_305/458.evt.gz,338,338,83168,83168,2,272,5,3,5000,4,0,0,-71806,-70267,0.430842500670781,0.45364904749128,1.635,1.632
2011_305/80.evt.gz,308,308,306315,306315,38,25,31,51,5000,0,-10927,-11177,-69306,-67767,0.656,0.683,1.635,1.632
2011_305/80.evt.gz,700,700,306315,306315,74,240,45,94,5000,2500,-8427,-8677,-66806,-65267,0.656,0.683,1.635,1.632
2011_305/80.evt.gz,1567,1567,306315,306315,116,941,55,133,5000,5000,-5927,-6177,-64306,-62767,0.656,0.683,1.635,1.632
2011_305/80.evt.gz,3095,3095,306315,306315,161,2310,70,156,5000,7500,-3427,-3677,-61806,-60267,0.656,0.683,1.635,1.632
2011_305/80.evt.gz,5295,5295,306315,306315,200,4349,89,173,5000,10000,-927,-1177,-59306,-57767,0.656,0.683,1.635,1.632
2011_305/80.evt.gz,6356,6356,306315,306315,217,5345,90,159,5000,1,0,0,-69305,-67766,0.656,0.683,1.635,1.632
2011_305/80.evt.gz,2243,2243,306315,306315,38,1854,53,56,5000,2,0,0,-69304,-67765,0.472766299973169,0.495572846793668,1.635,1.632
2011_305/80.evt.gz,2881,2881,306315,306315,74,2346,58,94,5000,3,0,0,-66806,-65267,0.514690099275557,0.514690099275557,1.635,1.632
2011_305/80.evt.gz,1481,1481,306315,306315,1,1235,46,21,5000,4,0,0,-71806,-70267,0.430842500670781,0.45364904749128,1.635,1.632
2011_306/140.evt.gz,455,455,469552,469552,77,30,32,63,5000,0,-10927,-11177,-69306,-67767,0.656,0.683,1.635,1.632
2011_306/140.evt.gz,1001,1001,469552,469552,144,246,49,146,5000,2500,-8427,-8677,-66806,-65267,0.656,0.683,1.635,1.632
2011_306/140.evt.gz,2215,2215,469552,469552,190,1158,69,211,5000,5000,-5927,-6177,-64306,-62767,0.656,0.683,1.635,1.632
2011_306/140.evt.gz,4398,4398,469552,469552,223,3046,92,246,5000,7500,-3427,-3677,-61806,-60267,0.656,0.683,1.635,1.632
2011_306/140.evt.gz,7403,7403,469552,469552,226,5760,109,276,5000,10000,-927,-1177,-59306,-57767,0.656,0.683,1.635,1.632
2011_306/140.evt.gz,8816,8816,469552,469552,226,7020,121,261,5000,1,0,0,-69305,-67766,0.656,0.683,1.635,1.632
2011_306/140.evt.gz,3119,3119,469552,469552,77,2440,64,71,5000,2,0,0,-69304,-67765,0.472766299973169,0.495572846793668,1.635,1.632
2011_306/140.evt.gz,4101,4101,469552,469552,144,3149,67,151,5000,3,0,0,-66806,-65267,0.514690099275557,0.514690099275557,1.635,1.632
2011_306/140.evt.gz,2016,2016,469552,469552,4,1600,51,25,5000,4,0,0,-71806,-70267,0.430842500670781,0.45364904749128,1.635,1.632
2011_306/360.evt.gz,409,409,258942,258942,53,0,29,112,5000,0,-10927,-11177,-69306,-67767,0.656,0.683,1.635,1.632
2011_306/360.evt.gz,707,707,258942,258942,88,22,49,183,5000,2500,-8427,-8677,-66806,-65267,0.656,0.683,1.635,1.632
2011_306/360.evt.gz,1151,1151,258942,258942,97,171,72,233,5000,5000,-5927,-6177,-64306,-62767,0.656,0.683,1.635,1.632
2011_306/360.evt.gz,2061,2061,258942,258942,108,813,94,270,5000,7500,-3427,-3677,-61806,-60267,0.656,0.683,1.635,1.632
2011_306/360.evt.gz,3923,3923,258942,258942,111,2450,107,286,5000,10000,-927,-1177,-59306,-57767,0.656,0.683,1.635,1.632
2011_306/360.evt.gz,5134,5134,258942,258942,112,3525,121,285,5000,1,0,0,-69305,-67766,0.656,0.683,1.635,1.632
2011_306/360.evt.gz,1473,1473,258942,258942,53,736,65,129,5000,2,0,0,-69304,-67765,0.472766299973169,0.495572846793668,1.635,1.632
2011_306/360.evt.gz,2007,2007,258942,258942,88,1041,77,180,5000,3,0,0,-66806,-65267,0.514690099275557,0.514690099275557,1.635,1.632
2011_306/360.evt.gz,861,861,258942,258942,0,389,55,58,5000,4,0,0,-71806,-70267,0.430842500670781,0.45364904749128,1.635,1.632
2011_306/40.evt.gz,303,303,276704,276704,87,29,12,42,5000,0,-10927,-11177,-69306,-67767,0.656,0.683,1.635,1.632
2011_306/40.evt.gz,731,731,276704,276704,178,215,24,94,5000,2500,-8427,-8677,-66806,-65267,0.656,0.683,1.635,1.632
2011_306/40.evt.gz,1587,1587,276704,276704,247,876,31,137,5000,5000,-5927,-6177,-64306,-62767,0.656,0.683,1.635,1.632
2011_306/40.evt.gz,3192,3192,276704,276704,312,2287,44,165,5000,7500,-3427,-3677,-61806,-60267,0.656,0.683,1.635,1.632
2011_306/40.evt.gz,5245,5245,276704,276704,350,4176,55,190,5000,10000,-927,-1177,-59306,-57767,0.656,0.683,1.635,1.632
2011_306/40.evt.gz,6224,6224,276704,276704,365,5112,63,166,5000,1,0,0,-69305,-67766,0.656,0.683,1.635,1.632
2011_306/40.evt.gz,2220,2220,276704,276704,87,1840,28,50,5000,2,0,0,-69304,-67765,0.472766299973169,0.495572846793668,1.635,1.632
2011_306/40.evt.gz,2922,2922,276704,276704,178,2346,33,97,5000,3,0,0,-66806,-65267,0.514690099275557,0.514690099275557,1.635,1.632
2011_306/40.evt.gz,1436,1436,276704,276704,1,1231,25,17,5000,4,0,0,-71806,-70267,0.430842500670781,0.45364904749128,1.635,1.632
